<?xml version="1.0" encoding="UTF-8"?>
<questestinterop xmlns="http://www.imsglobal.org/xsd/ims_qtiasiv1p2" xmlns:xsi="http://www.w3.org/2001/XMLSchema-instance" xsi:schemaLocation="http://www.imsglobal.org/xsd/ims_qtiasiv1p2 http://www.imsglobal.org/xsd/ims_qtiasiv1p2p1.xsd">
  <assessment ident="text2qti_assessment_e8392a6e48108fadde99b92d2c12ba8986da494077302b96eb3d3cec9d330ea9" title="Quiz">
    <qtimetadata>
      <qtimetadatafield>
        <fieldlabel>cc_maxattempts</fieldlabel>
        <fieldentry>1</fieldentry>
      </qtimetadatafield>
    </qtimetadata>
    <section ident="root_section">
      <item ident="text2qti_question_31da9298f090b50c24ddfe44c2ce54ff79381915c684ba93d0d744ec13ffed04" title="Question">
        <itemmetadata>
          <qtimetadata>
            <qtimetadatafield>
              <fieldlabel>question_type</fieldlabel>
              <fieldentry>multiple_choice_question</fieldentry>
            </qtimetadatafield>
            <qtimetadatafield>
              <fieldlabel>points_possible</fieldlabel>
              <fieldentry>1</fieldentry>
            </qtimetadatafield>
            <qtimetadatafield>
              <fieldlabel>original_answer_ids</fieldlabel>
              <fieldentry>text2qti_choice_855a0f95bc974938fc03980b2430261c542498a59fd43bc1507975c50cbf178a,text2qti_choice_bfe99745e1936609962ea3e79aea117182a137951562a5a39bd6145e0286e3c2,text2qti_choice_6ad4f8124216e24e3376b1de5fd358ff802a5bb554c4f3399af6acf3a121d85e,text2qti_choice_9a365285839b70a3438faabcbff1ad9c89779c8bb8948004b451cb4b70bdef41</fieldentry>
            </qtimetadatafield>
            <qtimetadatafield>
              <fieldlabel>assessment_question_identifierref</fieldlabel>
              <fieldentry>text2qti_question_ref_31da9298f090b50c24ddfe44c2ce54ff79381915c684ba93d0d744ec13ffed04</fieldentry>
            </qtimetadatafield>
          </qtimetadata>
        </itemmetadata>
        <presentation>
          <material>
            <mattext texttype="text/html">&lt;p&gt;Which of the following is NOT a requirement for students on exam day?&lt;/p&gt;</mattext>
          </material>
          <response_lid ident="response1" rcardinality="Single">
            <render_choice>
              <response_label ident="text2qti_choice_855a0f95bc974938fc03980b2430261c542498a59fd43bc1507975c50cbf178a">
                <material>
                  <mattext texttype="text/html">&lt;p&gt;Arrive at least 15 minutes before the exam&lt;/p&gt;</mattext>
                </material>
              </response_label>
              <response_label ident="text2qti_choice_bfe99745e1936609962ea3e79aea117182a137951562a5a39bd6145e0286e3c2">
                <material>
                  <mattext texttype="text/html">&lt;p&gt;Bring their laptop&lt;/p&gt;</mattext>
                </material>
              </response_label>
              <response_label ident="text2qti_choice_6ad4f8124216e24e3376b1de5fd358ff802a5bb554c4f3399af6acf3a121d85e">
                <material>
                  <mattext texttype="text/html">&lt;p&gt;Submit the exam via email&lt;/p&gt;</mattext>
                </material>
              </response_label>
              <response_label ident="text2qti_choice_9a365285839b70a3438faabcbff1ad9c89779c8bb8948004b451cb4b70bdef41">
                <material>
                  <mattext texttype="text/html">&lt;p&gt;Bring their UFID&lt;/p&gt;</mattext>
                </material>
              </response_label>
            </render_choice>
          </response_lid>
        </presentation>
        <resprocessing>
          <outcomes>
            <decvar maxvalue="100" minvalue="0" varname="SCORE" vartype="Decimal"/>
          </outcomes>
          <respcondition continue="No">
            <conditionvar>
              <varequal respident="response1">text2qti_choice_6ad4f8124216e24e3376b1de5fd358ff802a5bb554c4f3399af6acf3a121d85e</varequal>
            </conditionvar>
            <setvar action="Set" varname="SCORE">100</setvar>
          </respcondition>
        </resprocessing>
      </item>
      <item ident="text2qti_question_ade45d63a16ebb171c58f0301b427de7a47963c78d8929069cc6020c93779ec1" title="Question">
        <itemmetadata>
          <qtimetadata>
            <qtimetadatafield>
              <fieldlabel>question_type</fieldlabel>
              <fieldentry>multiple_choice_question</fieldentry>
            </qtimetadatafield>
            <qtimetadatafield>
              <fieldlabel>points_possible</fieldlabel>
              <fieldentry>1</fieldentry>
            </qtimetadatafield>
            <qtimetadatafield>
              <fieldlabel>original_answer_ids</fieldlabel>
              <fieldentry>text2qti_choice_6a80b4426be17b5a38ad9b317f5f0846c6a8aa8dae44fdc08686b46f9b3c3b3f,text2qti_choice_41a21b86c5bee11b6493a59279f4b9702a33d39dcc63fbf31e3d20f99b7d82c2,text2qti_choice_b372231489773374af747c6d64c98fd2a59508a335526e4284ee494a0d62c01d,text2qti_choice_f536cefbf84e2fa5599ff24a3b5bdc4f8ffbfb04f23c9eecfbee81f012431b2d</fieldentry>
            </qtimetadatafield>
            <qtimetadatafield>
              <fieldlabel>assessment_question_identifierref</fieldlabel>
              <fieldentry>text2qti_question_ref_ade45d63a16ebb171c58f0301b427de7a47963c78d8929069cc6020c93779ec1</fieldentry>
            </qtimetadatafield>
          </qtimetadata>
        </itemmetadata>
        <presentation>
          <material>
            <mattext texttype="text/html">&lt;p&gt;Which property is NOT part of the ACID properties in database transactions?&lt;/p&gt;</mattext>
          </material>
          <response_lid ident="response1" rcardinality="Single">
            <render_choice>
              <response_label ident="text2qti_choice_6a80b4426be17b5a38ad9b317f5f0846c6a8aa8dae44fdc08686b46f9b3c3b3f">
                <material>
                  <mattext texttype="text/html">&lt;p&gt;Atomicity&lt;/p&gt;</mattext>
                </material>
              </response_label>
              <response_label ident="text2qti_choice_41a21b86c5bee11b6493a59279f4b9702a33d39dcc63fbf31e3d20f99b7d82c2">
                <material>
                  <mattext texttype="text/html">&lt;p&gt;Consistency&lt;/p&gt;</mattext>
                </material>
              </response_label>
              <response_label ident="text2qti_choice_b372231489773374af747c6d64c98fd2a59508a335526e4284ee494a0d62c01d">
                <material>
                  <mattext texttype="text/html">&lt;p&gt;Isolation&lt;/p&gt;</mattext>
                </material>
              </response_label>
              <response_label ident="text2qti_choice_f536cefbf84e2fa5599ff24a3b5bdc4f8ffbfb04f23c9eecfbee81f012431b2d">
                <material>
                  <mattext texttype="text/html">&lt;p&gt;Concurrency&lt;/p&gt;</mattext>
                </material>
              </response_label>
            </render_choice>
          </response_lid>
        </presentation>
        <resprocessing>
          <outcomes>
            <decvar maxvalue="100" minvalue="0" varname="SCORE" vartype="Decimal"/>
          </outcomes>
          <respcondition continue="No">
            <conditionvar>
              <varequal respident="response1">text2qti_choice_f536cefbf84e2fa5599ff24a3b5bdc4f8ffbfb04f23c9eecfbee81f012431b2d</varequal>
            </conditionvar>
            <setvar action="Set" varname="SCORE">100</setvar>
          </respcondition>
        </resprocessing>
      </item>
      <item ident="text2qti_question_4c4be7515669aac5f95e8a947c4c43d466fe2f61b68402618d3ce7de12ad48d0" title="Question">
        <itemmetadata>
          <qtimetadata>
            <qtimetadatafield>
              <fieldlabel>question_type</fieldlabel>
              <fieldentry>multiple_choice_question</fieldentry>
            </qtimetadatafield>
            <qtimetadatafield>
              <fieldlabel>points_possible</fieldlabel>
              <fieldentry>1</fieldentry>
            </qtimetadatafield>
            <qtimetadatafield>
              <fieldlabel>original_answer_ids</fieldlabel>
              <fieldentry>text2qti_choice_6d323fa8c9aeefcfb5acf5b60155f394bee13dcd5010fba2efffc9c26c987d33,text2qti_choice_fd6bd4e196ffab4e79717139647ea51b220c5f6bfc7c8c1e1b9f59c823b929d4,text2qti_choice_149c57cc015640094754efbe7464a701add74b1874e31ae5a3155d1ca001144f,text2qti_choice_b247bff644c1b9a10bb3b47c7ff24158d20c2caa509cc97ee25199094d8cdcc0</fieldentry>
            </qtimetadatafield>
            <qtimetadatafield>
              <fieldlabel>assessment_question_identifierref</fieldlabel>
              <fieldentry>text2qti_question_ref_4c4be7515669aac5f95e8a947c4c43d466fe2f61b68402618d3ce7de12ad48d0</fieldentry>
            </qtimetadatafield>
          </qtimetadata>
        </itemmetadata>
        <presentation>
          <material>
            <mattext texttype="text/html">&lt;p&gt;What is the main purpose of using indexes in a database?&lt;/p&gt;</mattext>
          </material>
          <response_lid ident="response1" rcardinality="Single">
            <render_choice>
              <response_label ident="text2qti_choice_6d323fa8c9aeefcfb5acf5b60155f394bee13dcd5010fba2efffc9c26c987d33">
                <material>
                  <mattext texttype="text/html">&lt;p&gt;To store backups&lt;/p&gt;</mattext>
                </material>
              </response_label>
              <response_label ident="text2qti_choice_fd6bd4e196ffab4e79717139647ea51b220c5f6bfc7c8c1e1b9f59c823b929d4">
                <material>
                  <mattext texttype="text/html">&lt;p&gt;To improve query performance&lt;/p&gt;</mattext>
                </material>
              </response_label>
              <response_label ident="text2qti_choice_149c57cc015640094754efbe7464a701add74b1874e31ae5a3155d1ca001144f">
                <material>
                  <mattext texttype="text/html">&lt;p&gt;To enforce foreign key constraints&lt;/p&gt;</mattext>
                </material>
              </response_label>
              <response_label ident="text2qti_choice_b247bff644c1b9a10bb3b47c7ff24158d20c2caa509cc97ee25199094d8cdcc0">
                <material>
                  <mattext texttype="text/html">&lt;p&gt;To normalize tables&lt;/p&gt;</mattext>
                </material>
              </response_label>
            </render_choice>
          </response_lid>
        </presentation>
        <resprocessing>
          <outcomes>
            <decvar maxvalue="100" minvalue="0" varname="SCORE" vartype="Decimal"/>
          </outcomes>
          <respcondition continue="No">
            <conditionvar>
              <varequal respident="response1">text2qti_choice_fd6bd4e196ffab4e79717139647ea51b220c5f6bfc7c8c1e1b9f59c823b929d4</varequal>
            </conditionvar>
            <setvar action="Set" varname="SCORE">100</setvar>
          </respcondition>
        </resprocessing>
      </item>
      <item ident="text2qti_question_bac967f791715552ccd76cbb7dbbe91363dcb068714091eff7d10cbe1e82d8a7" title="Question">
        <itemmetadata>
          <qtimetadata>
            <qtimetadatafield>
              <fieldlabel>question_type</fieldlabel>
              <fieldentry>multiple_answers_question</fieldentry>
            </qtimetadatafield>
            <qtimetadatafield>
              <fieldlabel>points_possible</fieldlabel>
              <fieldentry>1</fieldentry>
            </qtimetadatafield>
            <qtimetadatafield>
              <fieldlabel>original_answer_ids</fieldlabel>
              <fieldentry>text2qti_choice_1065362dcc38a9a6adcbec75ef0141d5691e8de3bcffd8c496c348662542770f,text2qti_choice_86bfa8a1cd1ca4525ac63bf877a59102af29fc0852ff7857ef7f04a4d2bfdd8d,text2qti_choice_688155b8c9da9a7feb2e56278cbd7c80fbb45edf43c4a948d5e13ef88ef5e8dd,text2qti_choice_b04d799b317e252b2278abae7babe492e68d2156d2d38217c1d9fb15aabf0865</fieldentry>
            </qtimetadatafield>
            <qtimetadatafield>
              <fieldlabel>assessment_question_identifierref</fieldlabel>
              <fieldentry>text2qti_question_ref_bac967f791715552ccd76cbb7dbbe91363dcb068714091eff7d10cbe1e82d8a7</fieldentry>
            </qtimetadatafield>
          </qtimetadata>
        </itemmetadata>
        <presentation>
          <material>
            <mattext texttype="text/html">&lt;p&gt;Which of the following are types of constraints in a relational database? (Select all that apply)&lt;/p&gt;</mattext>
          </material>
          <response_lid ident="response1" rcardinality="Multiple">
            <render_choice>
              <response_label ident="text2qti_choice_1065362dcc38a9a6adcbec75ef0141d5691e8de3bcffd8c496c348662542770f">
                <material>
                  <mattext texttype="text/html">&lt;p&gt;Primary key&lt;/p&gt;</mattext>
                </material>
              </response_label>
              <response_label ident="text2qti_choice_86bfa8a1cd1ca4525ac63bf877a59102af29fc0852ff7857ef7f04a4d2bfdd8d">
                <material>
                  <mattext texttype="text/html">&lt;p&gt;Check constraint&lt;/p&gt;</mattext>
                </material>
              </response_label>
              <response_label ident="text2qti_choice_688155b8c9da9a7feb2e56278cbd7c80fbb45edf43c4a948d5e13ef88ef5e8dd">
                <material>
                  <mattext texttype="text/html">&lt;p&gt;Join constraint&lt;/p&gt;</mattext>
                </material>
              </response_label>
              <response_label ident="text2qti_choice_b04d799b317e252b2278abae7babe492e68d2156d2d38217c1d9fb15aabf0865">
                <material>
                  <mattext texttype="text/html">&lt;p&gt;Sequence constraint&lt;/p&gt;</mattext>
                </material>
              </response_label>
            </render_choice>
          </response_lid>
        </presentation>
        <resprocessing>
          <outcomes>
            <decvar maxvalue="100" minvalue="0" varname="SCORE" vartype="Decimal"/>
          </outcomes>
          <respcondition continue="No">
            <conditionvar>
              <and>
                <varequal respident="response1">text2qti_choice_1065362dcc38a9a6adcbec75ef0141d5691e8de3bcffd8c496c348662542770f</varequal>
                <varequal respident="response1">text2qti_choice_86bfa8a1cd1ca4525ac63bf877a59102af29fc0852ff7857ef7f04a4d2bfdd8d</varequal>
                <not>
                  <varequal respident="response1">text2qti_choice_688155b8c9da9a7feb2e56278cbd7c80fbb45edf43c4a948d5e13ef88ef5e8dd</varequal>
                </not>
                <not>
                  <varequal respident="response1">text2qti_choice_b04d799b317e252b2278abae7babe492e68d2156d2d38217c1d9fb15aabf0865</varequal>
                </not>
              </and>
            </conditionvar>
            <setvar action="Set" varname="SCORE">100</setvar>
          </respcondition>
        </resprocessing>
      </item>
      <item ident="text2qti_question_f476998d57cecd490252cc16f8770ec16190b218724a3f88c6e164f203dcaf79" title="Question">
        <itemmetadata>
          <qtimetadata>
            <qtimetadatafield>
              <fieldlabel>question_type</fieldlabel>
              <fieldentry>multiple_answers_question</fieldentry>
            </qtimetadatafield>
            <qtimetadatafield>
              <fieldlabel>points_possible</fieldlabel>
              <fieldentry>1</fieldentry>
            </qtimetadatafield>
            <qtimetadatafield>
              <fieldlabel>original_answer_ids</fieldlabel>
              <fieldentry>text2qti_choice_7c8055dfe9e3365cb8785e5284bc4460d08127af36ea77671e369cd5aab07e27,text2qti_choice_72411cced94ab7663470137b94e3b4123d40664a796135be5a851e96908dff4b,text2qti_choice_8d552bb696dde792fb0554ae75ca4389d1879d0fe6f8122c1b48b1f215ea2caf,text2qti_choice_f683fe9c34511ac22596fd086d09c4e97f1ed12044255b26961c25881535f029</fieldentry>
            </qtimetadatafield>
            <qtimetadatafield>
              <fieldlabel>assessment_question_identifierref</fieldlabel>
              <fieldentry>text2qti_question_ref_f476998d57cecd490252cc16f8770ec16190b218724a3f88c6e164f203dcaf79</fieldentry>
            </qtimetadatafield>
          </qtimetadata>
        </itemmetadata>
        <presentation>
          <material>
            <mattext texttype="text/html">&lt;p&gt;Which of the following are true about triggers in a database? (Select all that apply)&lt;/p&gt;</mattext>
          </material>
          <response_lid ident="response1" rcardinality="Multiple">
            <render_choice>
              <response_label ident="text2qti_choice_7c8055dfe9e3365cb8785e5284bc4460d08127af36ea77671e369cd5aab07e27">
                <material>
                  <mattext texttype="text/html">&lt;p&gt;They can enforce business rules automatically&lt;/p&gt;</mattext>
                </material>
              </response_label>
              <response_label ident="text2qti_choice_72411cced94ab7663470137b94e3b4123d40664a796135be5a851e96908dff4b">
                <material>
                  <mattext texttype="text/html">&lt;p&gt;They can log changes to a table&lt;/p&gt;</mattext>
                </material>
              </response_label>
              <response_label ident="text2qti_choice_8d552bb696dde792fb0554ae75ca4389d1879d0fe6f8122c1b48b1f215ea2caf">
                <material>
                  <mattext texttype="text/html">&lt;p&gt;They are used only for creating indexes&lt;/p&gt;</mattext>
                </material>
              </response_label>
              <response_label ident="text2qti_choice_f683fe9c34511ac22596fd086d09c4e97f1ed12044255b26961c25881535f029">
                <material>
                  <mattext texttype="text/html">&lt;p&gt;They are always executed manually by users&lt;/p&gt;</mattext>
                </material>
              </response_label>
            </render_choice>
          </response_lid>
        </presentation>
        <resprocessing>
          <outcomes>
            <decvar maxvalue="100" minvalue="0" varname="SCORE" vartype="Decimal"/>
          </outcomes>
          <respcondition continue="No">
            <conditionvar>
              <and>
                <varequal respident="response1">text2qti_choice_7c8055dfe9e3365cb8785e5284bc4460d08127af36ea77671e369cd5aab07e27</varequal>
                <varequal respident="response1">text2qti_choice_72411cced94ab7663470137b94e3b4123d40664a796135be5a851e96908dff4b</varequal>
                <not>
                  <varequal respident="response1">text2qti_choice_8d552bb696dde792fb0554ae75ca4389d1879d0fe6f8122c1b48b1f215ea2caf</varequal>
                </not>
                <not>
                  <varequal respident="response1">text2qti_choice_f683fe9c34511ac22596fd086d09c4e97f1ed12044255b26961c25881535f029</varequal>
                </not>
              </and>
            </conditionvar>
            <setvar action="Set" varname="SCORE">100</setvar>
          </respcondition>
        </resprocessing>
      </item>
      <item ident="text2qti_question_7ae54a0c820eb29eda1da47a1a61ef31e05edf7724adf5b7375a200f38a2b18b" title="Question">
        <itemmetadata>
          <qtimetadata>
            <qtimetadatafield>
              <fieldlabel>question_type</fieldlabel>
              <fieldentry>true_false_question</fieldentry>
            </qtimetadatafield>
            <qtimetadatafield>
              <fieldlabel>points_possible</fieldlabel>
              <fieldentry>1</fieldentry>
            </qtimetadatafield>
            <qtimetadatafield>
              <fieldlabel>original_answer_ids</fieldlabel>
              <fieldentry>text2qti_choice_3d147515152f3d4a61877e16486a7abde3e62dc095bfef172214c60b9c687263,text2qti_choice_bb39ee9c6d1caf6387b01f5471614c347f4d5d114a0130f14af0e200688d5cf1</fieldentry>
            </qtimetadatafield>
            <qtimetadatafield>
              <fieldlabel>assessment_question_identifierref</fieldlabel>
              <fieldentry>text2qti_question_ref_7ae54a0c820eb29eda1da47a1a61ef31e05edf7724adf5b7375a200f38a2b18b</fieldentry>
            </qtimetadatafield>
          </qtimetadata>
        </itemmetadata>
        <presentation>
          <material>
            <mattext texttype="text/html">&lt;p&gt;Students must take the CIS 4301 third exam in their assigned classroom during the scheduled time.&lt;/p&gt;</mattext>
          </material>
          <response_lid ident="response1" rcardinality="Single">
            <render_choice>
              <response_label ident="text2qti_choice_3d147515152f3d4a61877e16486a7abde3e62dc095bfef172214c60b9c687263">
                <material>
                  <mattext texttype="text/html">&lt;p&gt;True&lt;/p&gt;</mattext>
                </material>
              </response_label>
              <response_label ident="text2qti_choice_bb39ee9c6d1caf6387b01f5471614c347f4d5d114a0130f14af0e200688d5cf1">
                <material>
                  <mattext texttype="text/html">&lt;p&gt;False&lt;/p&gt;</mattext>
                </material>
              </response_label>
            </render_choice>
          </response_lid>
        </presentation>
        <resprocessing>
          <outcomes>
            <decvar maxvalue="100" minvalue="0" varname="SCORE" vartype="Decimal"/>
          </outcomes>
          <respcondition continue="No">
            <conditionvar>
              <varequal respident="response1">text2qti_choice_3d147515152f3d4a61877e16486a7abde3e62dc095bfef172214c60b9c687263</varequal>
            </conditionvar>
            <setvar action="Set" varname="SCORE">100</setvar>
          </respcondition>
        </resprocessing>
      </item>
      <item ident="text2qti_question_bb51afcf4101b13ca143fae088841866c52fcfb7df08de5a3cb2f86280219d9d" title="Question">
        <itemmetadata>
          <qtimetadata>
            <qtimetadatafield>
              <fieldlabel>question_type</fieldlabel>
              <fieldentry>true_false_question</fieldentry>
            </qtimetadatafield>
            <qtimetadatafield>
              <fieldlabel>points_possible</fieldlabel>
              <fieldentry>1</fieldentry>
            </qtimetadatafield>
            <qtimetadatafield>
              <fieldlabel>original_answer_ids</fieldlabel>
              <fieldentry>text2qti_choice_4d212231c15bc6dac9e30662e17eae0807a8a123fbcc81cbf72bda56f83fe540,text2qti_choice_9dbbf61c93d0d8f405028f65f7325c82d98e95eb0903f9e12ede4edf0c68f7ab</fieldentry>
            </qtimetadatafield>
            <qtimetadatafield>
              <fieldlabel>assessment_question_identifierref</fieldlabel>
              <fieldentry>text2qti_question_ref_bb51afcf4101b13ca143fae088841866c52fcfb7df08de5a3cb2f86280219d9d</fieldentry>
            </qtimetadatafield>
          </qtimetadata>
        </itemmetadata>
        <presentation>
          <material>
            <mattext texttype="text/html">&lt;p&gt;The LockDown Browser must be installed and functioning on your device before exam day.&lt;/p&gt;</mattext>
          </material>
          <response_lid ident="response1" rcardinality="Single">
            <render_choice>
              <response_label ident="text2qti_choice_4d212231c15bc6dac9e30662e17eae0807a8a123fbcc81cbf72bda56f83fe540">
                <material>
                  <mattext texttype="text/html">&lt;p&gt;True&lt;/p&gt;</mattext>
                </material>
              </response_label>
              <response_label ident="text2qti_choice_9dbbf61c93d0d8f405028f65f7325c82d98e95eb0903f9e12ede4edf0c68f7ab">
                <material>
                  <mattext texttype="text/html">&lt;p&gt;False&lt;/p&gt;</mattext>
                </material>
              </response_label>
            </render_choice>
          </response_lid>
        </presentation>
        <resprocessing>
          <outcomes>
            <decvar maxvalue="100" minvalue="0" varname="SCORE" vartype="Decimal"/>
          </outcomes>
          <respcondition continue="No">
            <conditionvar>
              <varequal respident="response1">text2qti_choice_4d212231c15bc6dac9e30662e17eae0807a8a123fbcc81cbf72bda56f83fe540</varequal>
            </conditionvar>
            <setvar action="Set" varname="SCORE">100</setvar>
          </respcondition>
        </resprocessing>
      </item>
      <item ident="text2qti_question_36159c1d90d8771ff457200b59032ad403bc810c0f437775f39a1f465fbca284" title="Question">
        <itemmetadata>
          <qtimetadata>
            <qtimetadatafield>
              <fieldlabel>question_type</fieldlabel>
              <fieldentry>true_false_question</fieldentry>
            </qtimetadatafield>
            <qtimetadatafield>
              <fieldlabel>points_possible</fieldlabel>
              <fieldentry>1</fieldentry>
            </qtimetadatafield>
            <qtimetadatafield>
              <fieldlabel>original_answer_ids</fieldlabel>
              <fieldentry>text2qti_choice_307ff83ae9b0a8b4d41b4051de084676e0029311bedf2305d0431a26f0f8585d,text2qti_choice_ad5747eae907d4c7d3c9cd7b48242fe52c4baa430c0a8eadc9205e24c4cbcf2c</fieldentry>
            </qtimetadatafield>
            <qtimetadatafield>
              <fieldlabel>assessment_question_identifierref</fieldlabel>
              <fieldentry>text2qti_question_ref_36159c1d90d8771ff457200b59032ad403bc810c0f437775f39a1f465fbca284</fieldentry>
            </qtimetadatafield>
          </qtimetadata>
        </itemmetadata>
        <presentation>
          <material>
            <mattext texttype="text/html">&lt;p&gt;A student without their UFID will still be allowed to take the CIS 4301 exam.&lt;/p&gt;</mattext>
          </material>
          <response_lid ident="response1" rcardinality="Single">
            <render_choice>
              <response_label ident="text2qti_choice_307ff83ae9b0a8b4d41b4051de084676e0029311bedf2305d0431a26f0f8585d">
                <material>
                  <mattext texttype="text/html">&lt;p&gt;True&lt;/p&gt;</mattext>
                </material>
              </response_label>
              <response_label ident="text2qti_choice_ad5747eae907d4c7d3c9cd7b48242fe52c4baa430c0a8eadc9205e24c4cbcf2c">
                <material>
                  <mattext texttype="text/html">&lt;p&gt;False&lt;/p&gt;</mattext>
                </material>
              </response_label>
            </render_choice>
          </response_lid>
        </presentation>
        <resprocessing>
          <outcomes>
            <decvar maxvalue="100" minvalue="0" varname="SCORE" vartype="Decimal"/>
          </outcomes>
          <respcondition continue="No">
            <conditionvar>
              <varequal respident="response1">text2qti_choice_ad5747eae907d4c7d3c9cd7b48242fe52c4baa430c0a8eadc9205e24c4cbcf2c</varequal>
            </conditionvar>
            <setvar action="Set" varname="SCORE">100</setvar>
          </respcondition>
        </resprocessing>
      </item>
      <item ident="text2qti_question_250641fb7076930971fd3c372163f034dc04206858fa58e3f75337d9d0348a40" title="Question">
        <itemmetadata>
          <qtimetadata>
            <qtimetadatafield>
              <fieldlabel>question_type</fieldlabel>
              <fieldentry>true_false_question</fieldentry>
            </qtimetadatafield>
            <qtimetadatafield>
              <fieldlabel>points_possible</fieldlabel>
              <fieldentry>1</fieldentry>
            </qtimetadatafield>
            <qtimetadatafield>
              <fieldlabel>original_answer_ids</fieldlabel>
              <fieldentry>text2qti_choice_e73157e7ebe1389a38b6085f644f21ec63875f76a1e897b91ce6b6840e5c36e3,text2qti_choice_6ddb56dfa4d678fa84cd0b6202d46482fe6cd8c791b299cde7ce3e15dd3cda7a</fieldentry>
            </qtimetadatafield>
            <qtimetadatafield>
              <fieldlabel>assessment_question_identifierref</fieldlabel>
              <fieldentry>text2qti_question_ref_250641fb7076930971fd3c372163f034dc04206858fa58e3f75337d9d0348a40</fieldentry>
            </qtimetadatafield>
          </qtimetadata>
        </itemmetadata>
        <presentation>
          <material>
            <mattext texttype="text/html">&lt;p&gt;Views can be used to present data from a database in different ways without storing duplicate data.&lt;/p&gt;</mattext>
          </material>
          <response_lid ident="response1" rcardinality="Single">
            <render_choice>
              <response_label ident="text2qti_choice_e73157e7ebe1389a38b6085f644f21ec63875f76a1e897b91ce6b6840e5c36e3">
                <material>
                  <mattext texttype="text/html">&lt;p&gt;True&lt;/p&gt;</mattext>
                </material>
              </response_label>
              <response_label ident="text2qti_choice_6ddb56dfa4d678fa84cd0b6202d46482fe6cd8c791b299cde7ce3e15dd3cda7a">
                <material>
                  <mattext texttype="text/html">&lt;p&gt;False&lt;/p&gt;</mattext>
                </material>
              </response_label>
            </render_choice>
          </response_lid>
        </presentation>
        <resprocessing>
          <outcomes>
            <decvar maxvalue="100" minvalue="0" varname="SCORE" vartype="Decimal"/>
          </outcomes>
          <respcondition continue="No">
            <conditionvar>
              <varequal respident="response1">text2qti_choice_e73157e7ebe1389a38b6085f644f21ec63875f76a1e897b91ce6b6840e5c36e3</varequal>
            </conditionvar>
            <setvar action="Set" varname="SCORE">100</setvar>
          </respcondition>
        </resprocessing>
      </item>
      <item ident="text2qti_question_114067bb9ff2618504354021d8eb1da0402524f2d0e7a0075de90c2fa031379b" title="Question">
        <itemmetadata>
          <qtimetadata>
            <qtimetadatafield>
              <fieldlabel>question_type</fieldlabel>
              <fieldentry>multiple_answers_question</fieldentry>
            </qtimetadatafield>
            <qtimetadatafield>
              <fieldlabel>points_possible</fieldlabel>
              <fieldentry>1</fieldentry>
            </qtimetadatafield>
            <qtimetadatafield>
              <fieldlabel>original_answer_ids</fieldlabel>
              <fieldentry>text2qti_choice_95526e264665609dcd8e532a31aefd2c2e9dcd13ba981c65b9ac65bc09234846,text2qti_choice_60593f3704889c272a0d72c0508b2866ea0f76a8e80ffd0fafa550514c28e6b8,text2qti_choice_5dad5cfd1c943a6c12a21df9a2caee6406e6bcc97e84594ca80562bcafeb813c,text2qti_choice_eb0d39271e6c1d944297b331995ae0792d94a4413dbef0674687402bd0bcee59</fieldentry>
            </qtimetadatafield>
            <qtimetadatafield>
              <fieldlabel>assessment_question_identifierref</fieldlabel>
              <fieldentry>text2qti_question_ref_114067bb9ff2618504354021d8eb1da0402524f2d0e7a0075de90c2fa031379b</fieldentry>
            </qtimetadatafield>
          </qtimetadata>
        </itemmetadata>
        <presentation>
          <material>
            <mattext texttype="text/html">&lt;p&gt;Which of the following statements about normalization are correct? (Select all that apply)&lt;/p&gt;</mattext>
          </material>
          <response_lid ident="response1" rcardinality="Multiple">
            <render_choice>
              <response_label ident="text2qti_choice_95526e264665609dcd8e532a31aefd2c2e9dcd13ba981c65b9ac65bc09234846">
                <material>
                  <mattext texttype="text/html">&lt;p&gt;1NF, 2NF, 3NF, and BCNF are types of normal forms&lt;/p&gt;</mattext>
                </material>
              </response_label>
              <response_label ident="text2qti_choice_60593f3704889c272a0d72c0508b2866ea0f76a8e80ffd0fafa550514c28e6b8">
                <material>
                  <mattext texttype="text/html">&lt;p&gt;Decomposition can be used to achieve BCNF&lt;/p&gt;</mattext>
                </material>
              </response_label>
              <response_label ident="text2qti_choice_5dad5cfd1c943a6c12a21df9a2caee6406e6bcc97e84594ca80562bcafeb813c">
                <material>
                  <mattext texttype="text/html">&lt;p&gt;Normalization is only used for creating indexes&lt;/p&gt;</mattext>
                </material>
              </response_label>
              <response_label ident="text2qti_choice_eb0d39271e6c1d944297b331995ae0792d94a4413dbef0674687402bd0bcee59">
                <material>
                  <mattext texttype="text/html">&lt;p&gt;3NF is less strict than 2NF&lt;/p&gt;</mattext>
                </material>
              </response_label>
            </render_choice>
          </response_lid>
        </presentation>
        <resprocessing>
          <outcomes>
            <decvar maxvalue="100" minvalue="0" varname="SCORE" vartype="Decimal"/>
          </outcomes>
          <respcondition continue="No">
            <conditionvar>
              <and>
                <varequal respident="response1">text2qti_choice_95526e264665609dcd8e532a31aefd2c2e9dcd13ba981c65b9ac65bc09234846</varequal>
                <varequal respident="response1">text2qti_choice_60593f3704889c272a0d72c0508b2866ea0f76a8e80ffd0fafa550514c28e6b8</varequal>
                <not>
                  <varequal respident="response1">text2qti_choice_5dad5cfd1c943a6c12a21df9a2caee6406e6bcc97e84594ca80562bcafeb813c</varequal>
                </not>
                <not>
                  <varequal respident="response1">text2qti_choice_eb0d39271e6c1d944297b331995ae0792d94a4413dbef0674687402bd0bcee59</varequal>
                </not>
              </and>
            </conditionvar>
            <setvar action="Set" varname="SCORE">100</setvar>
          </respcondition>
        </resprocessing>
      </item>
      <item ident="text2qti_question_640bf363eb9c7d0154a1c1a266528164343fee9b36ed4ba5f0f85d52afcb4cc4" title="Question">
        <itemmetadata>
          <qtimetadata>
            <qtimetadatafield>
              <fieldlabel>question_type</fieldlabel>
              <fieldentry>multiple_answers_question</fieldentry>
            </qtimetadatafield>
            <qtimetadatafield>
              <fieldlabel>points_possible</fieldlabel>
              <fieldentry>1</fieldentry>
            </qtimetadatafield>
            <qtimetadatafield>
              <fieldlabel>original_answer_ids</fieldlabel>
              <fieldentry>text2qti_choice_880ab32cae3229d8eb872767a03f6061742a5cd7bd9b503e443c0b53a4b72d46,text2qti_choice_5cccc93b01a3d0506e3ebbc180c285f35d2aa6d691ce32f3c0f18f3ebd2db488,text2qti_choice_4ec84c5a5f67d3e893b452555fedbd21d148671cbb7d616a5f7344dc8fe7f82e,text2qti_choice_dbcfd7c863ad9702edd4dd5e3ffdf8c77a77a97ee812792ae77b724850250db8</fieldentry>
            </qtimetadatafield>
            <qtimetadatafield>
              <fieldlabel>assessment_question_identifierref</fieldlabel>
              <fieldentry>text2qti_question_ref_640bf363eb9c7d0154a1c1a266528164343fee9b36ed4ba5f0f85d52afcb4cc4</fieldentry>
            </qtimetadatafield>
          </qtimetadata>
        </itemmetadata>
        <presentation>
          <material>
            <mattext texttype="text/html">&lt;p&gt;Which of the following are isolation levels in database transactions? (Select all that apply)&lt;/p&gt;</mattext>
          </material>
          <response_lid ident="response1" rcardinality="Multiple">
            <render_choice>
              <response_label ident="text2qti_choice_880ab32cae3229d8eb872767a03f6061742a5cd7bd9b503e443c0b53a4b72d46">
                <material>
                  <mattext texttype="text/html">&lt;p&gt;Read Uncommitted&lt;/p&gt;</mattext>
                </material>
              </response_label>
              <response_label ident="text2qti_choice_5cccc93b01a3d0506e3ebbc180c285f35d2aa6d691ce32f3c0f18f3ebd2db488">
                <material>
                  <mattext texttype="text/html">&lt;p&gt;Serializable&lt;/p&gt;</mattext>
                </material>
              </response_label>
              <response_label ident="text2qti_choice_4ec84c5a5f67d3e893b452555fedbd21d148671cbb7d616a5f7344dc8fe7f82e">
                <material>
                  <mattext texttype="text/html">&lt;p&gt;Write Uncommitted&lt;/p&gt;</mattext>
                </material>
              </response_label>
              <response_label ident="text2qti_choice_dbcfd7c863ad9702edd4dd5e3ffdf8c77a77a97ee812792ae77b724850250db8">
                <material>
                  <mattext texttype="text/html">&lt;p&gt;Read-Only&lt;/p&gt;</mattext>
                </material>
              </response_label>
            </render_choice>
          </response_lid>
        </presentation>
        <resprocessing>
          <outcomes>
            <decvar maxvalue="100" minvalue="0" varname="SCORE" vartype="Decimal"/>
          </outcomes>
          <respcondition continue="No">
            <conditionvar>
              <and>
                <varequal respident="response1">text2qti_choice_880ab32cae3229d8eb872767a03f6061742a5cd7bd9b503e443c0b53a4b72d46</varequal>
                <varequal respident="response1">text2qti_choice_5cccc93b01a3d0506e3ebbc180c285f35d2aa6d691ce32f3c0f18f3ebd2db488</varequal>
                <not>
                  <varequal respident="response1">text2qti_choice_4ec84c5a5f67d3e893b452555fedbd21d148671cbb7d616a5f7344dc8fe7f82e</varequal>
                </not>
                <not>
                  <varequal respident="response1">text2qti_choice_dbcfd7c863ad9702edd4dd5e3ffdf8c77a77a97ee812792ae77b724850250db8</varequal>
                </not>
              </and>
            </conditionvar>
            <setvar action="Set" varname="SCORE">100</setvar>
          </respcondition>
        </resprocessing>
      </item>
    </section>
  </assessment>
</questestinterop>
