<?xml version="1.0" encoding="UTF-8"?>
<questestinterop xmlns="http://www.imsglobal.org/xsd/ims_qtiasiv1p2" xmlns:xsi="http://www.w3.org/2001/XMLSchema-instance" xsi:schemaLocation="http://www.imsglobal.org/xsd/ims_qtiasiv1p2 http://www.imsglobal.org/xsd/ims_qtiasiv1p2p1.xsd">
  <assessment ident="text2qti_assessment_1cc4c722642c081371cc04ef17cbd76a11c2d0b4000653ca29fe6247dab8f7c7" title="Sample quiz from a Word file.">
    <qtimetadata>
      <qtimetadatafield>
        <fieldlabel>cc_maxattempts</fieldlabel>
        <fieldentry>1</fieldentry>
      </qtimetadatafield>
    </qtimetadata>
    <section ident="root_section">
    <section ident="text2qti_group_02d216a0fb88024c5299d976660327b6d12eb56c722efd17298c4d5b5715b427" title="Group">
      <selection_ordering>
        <selection>
          <selection_number>3</selection_number>
          <selection_extension>
            <points_per_item>2</points_per_item>
          </selection_extension>
        </selection>
      </selection_ordering>
      <item ident="text2qti_question_d8ee5a133a88c9aa54e0264a96015fab9e0e2f744a686b43ce067a6e50b80a0f" title="Question">
        <itemmetadata>
          <qtimetadata>
            <qtimetadatafield>
              <fieldlabel>question_type</fieldlabel>
              <fieldentry>multiple_choice_question</fieldentry>
            </qtimetadatafield>
            <qtimetadatafield>
              <fieldlabel>points_possible</fieldlabel>
              <fieldentry>1</fieldentry>
            </qtimetadatafield>
            <qtimetadatafield>
              <fieldlabel>original_answer_ids</fieldlabel>
              <fieldentry>text2qti_choice_b7d07f0bd40d2d00ca458aae27e3ff337b0cd79722d6d379a9476e6834462a82,text2qti_choice_7564f7fcbce7a84f626244ce27ac4e8d908ed637c12dd90fa706c60c2dc73f9b,text2qti_choice_2615cec8c09a51f1957bb2ebd4fd0dc1f6a6b63b4df65f4e8262d755a190e211,text2qti_choice_3b7ea1c680b10b8a0f3cd2fc97eee45de828eeac5e4d0f19aff289457177d25b</fieldentry>
            </qtimetadatafield>
            <qtimetadatafield>
              <fieldlabel>assessment_question_identifierref</fieldlabel>
              <fieldentry>text2qti_question_ref_d8ee5a133a88c9aa54e0264a96015fab9e0e2f744a686b43ce067a6e50b80a0f</fieldentry>
            </qtimetadatafield>
          </qtimetadata>
        </itemmetadata>
        <presentation>
          <material>
            <mattext texttype="text/html">&lt;p&gt;if you are from argentina, your nationality is:&lt;/p&gt;</mattext>
          </material>
          <response_lid ident="response1" rcardinality="Single">
            <render_choice>
              <response_label ident="text2qti_choice_b7d07f0bd40d2d00ca458aae27e3ff337b0cd79722d6d379a9476e6834462a82">
                <material>
                  <mattext texttype="text/html">&lt;p&gt;argentino/a&lt;/p&gt;</mattext>
                </material>
              </response_label>
              <response_label ident="text2qti_choice_7564f7fcbce7a84f626244ce27ac4e8d908ed637c12dd90fa706c60c2dc73f9b">
                <material>
                  <mattext texttype="text/html">&lt;p&gt;argentino/as&lt;/p&gt;</mattext>
                </material>
              </response_label>
              <response_label ident="text2qti_choice_2615cec8c09a51f1957bb2ebd4fd0dc1f6a6b63b4df65f4e8262d755a190e211">
                <material>
                  <mattext texttype="text/html">&lt;p&gt;argentina&lt;/p&gt;</mattext>
                </material>
              </response_label>
              <response_label ident="text2qti_choice_3b7ea1c680b10b8a0f3cd2fc97eee45de828eeac5e4d0f19aff289457177d25b">
                <material>
                  <mattext texttype="text/html">&lt;p&gt;argentinos&lt;/p&gt;</mattext>
                </material>
              </response_label>
            </render_choice>
          </response_lid>
        </presentation>
        <resprocessing>
          <outcomes>
            <decvar maxvalue="100" minvalue="0" varname="SCORE" vartype="Decimal"/>
          </outcomes>
          <respcondition continue="No">
            <conditionvar>
              <varequal respident="response1">text2qti_choice_b7d07f0bd40d2d00ca458aae27e3ff337b0cd79722d6d379a9476e6834462a82</varequal>
            </conditionvar>
            <setvar action="Set" varname="SCORE">100</setvar>
          </respcondition>
        </resprocessing>
      </item>
      <item ident="text2qti_question_d6037b62a67ce20c8007a6ff671ce106f46cbb3dac28bcdc99a56677bbfe21a6" title="Question">
        <itemmetadata>
          <qtimetadata>
            <qtimetadatafield>
              <fieldlabel>question_type</fieldlabel>
              <fieldentry>multiple_choice_question</fieldentry>
            </qtimetadatafield>
            <qtimetadatafield>
              <fieldlabel>points_possible</fieldlabel>
              <fieldentry>1</fieldentry>
            </qtimetadatafield>
            <qtimetadatafield>
              <fieldlabel>original_answer_ids</fieldlabel>
              <fieldentry>text2qti_choice_197bf517cd277c2e797054b7cd6b56dd51b9b1c037eb101800d9fd44d378ce79,text2qti_choice_eab6e1bc2403bc5ce405bd814344bb3e2b43c6d785766c0576e430dd2b6428d0,text2qti_choice_c2c441fb9f7fbcffa3ac1c8f0b41623a803ed5f64018871c69388ef1d7c640d4</fieldentry>
            </qtimetadatafield>
            <qtimetadatafield>
              <fieldlabel>assessment_question_identifierref</fieldlabel>
              <fieldentry>text2qti_question_ref_d6037b62a67ce20c8007a6ff671ce106f46cbb3dac28bcdc99a56677bbfe21a6</fieldentry>
            </qtimetadatafield>
          </qtimetadata>
        </itemmetadata>
        <presentation>
          <material>
            <mattext texttype="text/html">&lt;p&gt;my sister is intelligent. mi hermana es ______.&lt;/p&gt;</mattext>
          </material>
          <response_lid ident="response1" rcardinality="Single">
            <render_choice>
              <response_label ident="text2qti_choice_197bf517cd277c2e797054b7cd6b56dd51b9b1c037eb101800d9fd44d378ce79">
                <material>
                  <mattext texttype="text/html">&lt;p&gt;inteligentes&lt;/p&gt;</mattext>
                </material>
              </response_label>
              <response_label ident="text2qti_choice_eab6e1bc2403bc5ce405bd814344bb3e2b43c6d785766c0576e430dd2b6428d0">
                <material>
                  <mattext texttype="text/html">&lt;p&gt;inteligente&lt;/p&gt;</mattext>
                </material>
              </response_label>
              <response_label ident="text2qti_choice_c2c441fb9f7fbcffa3ac1c8f0b41623a803ed5f64018871c69388ef1d7c640d4">
                <material>
                  <mattext texttype="text/html">&lt;p&gt;inteligenta&lt;/p&gt;</mattext>
                </material>
              </response_label>
            </render_choice>
          </response_lid>
        </presentation>
        <resprocessing>
          <outcomes>
            <decvar maxvalue="100" minvalue="0" varname="SCORE" vartype="Decimal"/>
          </outcomes>
          <respcondition continue="No">
            <conditionvar>
              <varequal respident="response1">text2qti_choice_eab6e1bc2403bc5ce405bd814344bb3e2b43c6d785766c0576e430dd2b6428d0</varequal>
            </conditionvar>
            <setvar action="Set" varname="SCORE">100</setvar>
          </respcondition>
        </resprocessing>
      </item>
      <item ident="text2qti_question_d792e2559b074daf0b85c128b725e943b9a14513db425d94fff1040c10c67737" title="Question">
        <itemmetadata>
          <qtimetadata>
            <qtimetadatafield>
              <fieldlabel>question_type</fieldlabel>
              <fieldentry>multiple_choice_question</fieldentry>
            </qtimetadatafield>
            <qtimetadatafield>
              <fieldlabel>points_possible</fieldlabel>
              <fieldentry>1</fieldentry>
            </qtimetadatafield>
            <qtimetadatafield>
              <fieldlabel>original_answer_ids</fieldlabel>
              <fieldentry>text2qti_choice_632d380176196ce00464574ee49f68b8010e3ec174f946598536164b5014a229,text2qti_choice_b5098dccf361f4ade3cb6728b39649d62a035218fa5faa5f5a8d310134bc5506,text2qti_choice_6ec5f2bb9ae7e651bde267cd97e40fdf9d1a612599b3d7ea08ae85217d163400</fieldentry>
            </qtimetadatafield>
            <qtimetadatafield>
              <fieldlabel>assessment_question_identifierref</fieldlabel>
              <fieldentry>text2qti_question_ref_d792e2559b074daf0b85c128b725e943b9a14513db425d94fff1040c10c67737</fieldentry>
            </qtimetadatafield>
          </qtimetadata>
        </itemmetadata>
        <presentation>
          <material>
            <mattext texttype="text/html">&lt;p&gt;¿cómo es tu profesor de español?&lt;/p&gt;</mattext>
          </material>
          <response_lid ident="response1" rcardinality="Single">
            <render_choice>
              <response_label ident="text2qti_choice_632d380176196ce00464574ee49f68b8010e3ec174f946598536164b5014a229">
                <material>
                  <mattext texttype="text/html">&lt;p&gt;triste&lt;/p&gt;</mattext>
                </material>
              </response_label>
              <response_label ident="text2qti_choice_b5098dccf361f4ade3cb6728b39649d62a035218fa5faa5f5a8d310134bc5506">
                <material>
                  <mattext texttype="text/html">&lt;p&gt;simpático&lt;/p&gt;</mattext>
                </material>
              </response_label>
              <response_label ident="text2qti_choice_6ec5f2bb9ae7e651bde267cd97e40fdf9d1a612599b3d7ea08ae85217d163400">
                <material>
                  <mattext texttype="text/html">&lt;p&gt;enfermo&lt;/p&gt;</mattext>
                </material>
              </response_label>
            </render_choice>
          </response_lid>
        </presentation>
        <resprocessing>
          <outcomes>
            <decvar maxvalue="100" minvalue="0" varname="SCORE" vartype="Decimal"/>
          </outcomes>
          <respcondition continue="No">
            <conditionvar>
              <varequal respident="response1">text2qti_choice_b5098dccf361f4ade3cb6728b39649d62a035218fa5faa5f5a8d310134bc5506</varequal>
            </conditionvar>
            <setvar action="Set" varname="SCORE">100</setvar>
          </respcondition>
        </resprocessing>
      </item>
      <item ident="text2qti_question_fa78062b3a441b3ddec298eecf197bc0a5fe46563165b144f6a4db895269dbc2" title="Question">
        <itemmetadata>
          <qtimetadata>
            <qtimetadatafield>
              <fieldlabel>question_type</fieldlabel>
              <fieldentry>multiple_choice_question</fieldentry>
            </qtimetadatafield>
            <qtimetadatafield>
              <fieldlabel>points_possible</fieldlabel>
              <fieldentry>1</fieldentry>
            </qtimetadatafield>
            <qtimetadatafield>
              <fieldlabel>original_answer_ids</fieldlabel>
              <fieldentry>text2qti_choice_4e936cd01769fe13cfd3d1800e468e9da0f75bbc4ab3258254b71019a9c858b8,text2qti_choice_9845885e10dcc554b50d533cccd788b3c377ac5a127281cfe951083e3c3ce746</fieldentry>
            </qtimetadatafield>
            <qtimetadatafield>
              <fieldlabel>assessment_question_identifierref</fieldlabel>
              <fieldentry>text2qti_question_ref_fa78062b3a441b3ddec298eecf197bc0a5fe46563165b144f6a4db895269dbc2</fieldentry>
            </qtimetadatafield>
          </qtimetadata>
        </itemmetadata>
        <presentation>
          <material>
            <mattext texttype="text/html">&lt;p&gt;ella ______ en la biblioteca.&lt;/p&gt;</mattext>
          </material>
          <response_lid ident="response1" rcardinality="Single">
            <render_choice>
              <response_label ident="text2qti_choice_4e936cd01769fe13cfd3d1800e468e9da0f75bbc4ab3258254b71019a9c858b8">
                <material>
                  <mattext texttype="text/html">&lt;p&gt;es&lt;/p&gt;</mattext>
                </material>
              </response_label>
              <response_label ident="text2qti_choice_9845885e10dcc554b50d533cccd788b3c377ac5a127281cfe951083e3c3ce746">
                <material>
                  <mattext texttype="text/html">&lt;p&gt;está&lt;/p&gt;</mattext>
                </material>
              </response_label>
            </render_choice>
          </response_lid>
        </presentation>
        <resprocessing>
          <outcomes>
            <decvar maxvalue="100" minvalue="0" varname="SCORE" vartype="Decimal"/>
          </outcomes>
          <respcondition continue="No">
            <conditionvar>
              <varequal respident="response1">text2qti_choice_9845885e10dcc554b50d533cccd788b3c377ac5a127281cfe951083e3c3ce746</varequal>
            </conditionvar>
            <setvar action="Set" varname="SCORE">100</setvar>
          </respcondition>
        </resprocessing>
      </item>
      <item ident="text2qti_question_d0c629baf392c9cb32219604ad3a1a7ce334c81517d39963525117c9543fcdfa" title="Question">
        <itemmetadata>
          <qtimetadata>
            <qtimetadatafield>
              <fieldlabel>question_type</fieldlabel>
              <fieldentry>multiple_choice_question</fieldentry>
            </qtimetadatafield>
            <qtimetadatafield>
              <fieldlabel>points_possible</fieldlabel>
              <fieldentry>1</fieldentry>
            </qtimetadatafield>
            <qtimetadatafield>
              <fieldlabel>original_answer_ids</fieldlabel>
              <fieldentry>text2qti_choice_4b0e0f5c80d7aa63c851a3283123b90a5d828a8713f1e6f6f51028105bd009c3,text2qti_choice_9c9daf1e3393059aeecc7442d8a3ede90f31342543ca9957f3840b54acdb1525</fieldentry>
            </qtimetadatafield>
            <qtimetadatafield>
              <fieldlabel>assessment_question_identifierref</fieldlabel>
              <fieldentry>text2qti_question_ref_d0c629baf392c9cb32219604ad3a1a7ce334c81517d39963525117c9543fcdfa</fieldentry>
            </qtimetadatafield>
          </qtimetadata>
        </itemmetadata>
        <presentation>
          <material>
            <mattext texttype="text/html">&lt;p&gt;el examen ______ fácil.&lt;/p&gt;</mattext>
          </material>
          <response_lid ident="response1" rcardinality="Single">
            <render_choice>
              <response_label ident="text2qti_choice_4b0e0f5c80d7aa63c851a3283123b90a5d828a8713f1e6f6f51028105bd009c3">
                <material>
                  <mattext texttype="text/html">&lt;p&gt;es&lt;/p&gt;</mattext>
                </material>
              </response_label>
              <response_label ident="text2qti_choice_9c9daf1e3393059aeecc7442d8a3ede90f31342543ca9957f3840b54acdb1525">
                <material>
                  <mattext texttype="text/html">&lt;p&gt;está&lt;/p&gt;</mattext>
                </material>
              </response_label>
            </render_choice>
          </response_lid>
        </presentation>
        <resprocessing>
          <outcomes>
            <decvar maxvalue="100" minvalue="0" varname="SCORE" vartype="Decimal"/>
          </outcomes>
          <respcondition continue="No">
            <conditionvar>
              <varequal respident="response1">text2qti_choice_4b0e0f5c80d7aa63c851a3283123b90a5d828a8713f1e6f6f51028105bd009c3</varequal>
            </conditionvar>
            <setvar action="Set" varname="SCORE">100</setvar>
          </respcondition>
        </resprocessing>
      </item>
      <item ident="text2qti_question_e815b07733e6d8a9dd57975c4f8b591b1fe396846888a9b328fc8cf4c146e887" title="Question">
        <itemmetadata>
          <qtimetadata>
            <qtimetadatafield>
              <fieldlabel>question_type</fieldlabel>
              <fieldentry>multiple_choice_question</fieldentry>
            </qtimetadatafield>
            <qtimetadatafield>
              <fieldlabel>points_possible</fieldlabel>
              <fieldentry>1</fieldentry>
            </qtimetadatafield>
            <qtimetadatafield>
              <fieldlabel>original_answer_ids</fieldlabel>
              <fieldentry>text2qti_choice_0ab36586425eb45abf291eff747a3ebecc34459e759cc7599d5378cf8cb2a651,text2qti_choice_f1fb1bc8fc47a4d0cfefeeca8d9c21adee24231c92aa65dd2ec592ef7558349e</fieldentry>
            </qtimetadatafield>
            <qtimetadatafield>
              <fieldlabel>assessment_question_identifierref</fieldlabel>
              <fieldentry>text2qti_question_ref_e815b07733e6d8a9dd57975c4f8b591b1fe396846888a9b328fc8cf4c146e887</fieldentry>
            </qtimetadatafield>
          </qtimetadata>
        </itemmetadata>
        <presentation>
          <material>
            <mattext texttype="text/html">&lt;p&gt;usualmente los partidos de fútbol son ______.&lt;/p&gt;</mattext>
          </material>
          <response_lid ident="response1" rcardinality="Single">
            <render_choice>
              <response_label ident="text2qti_choice_0ab36586425eb45abf291eff747a3ebecc34459e759cc7599d5378cf8cb2a651">
                <material>
                  <mattext texttype="text/html">&lt;p&gt;los fines de semana&lt;/p&gt;</mattext>
                </material>
              </response_label>
              <response_label ident="text2qti_choice_f1fb1bc8fc47a4d0cfefeeca8d9c21adee24231c92aa65dd2ec592ef7558349e">
                <material>
                  <mattext texttype="text/html">&lt;p&gt;los lunes&lt;/p&gt;</mattext>
                </material>
              </response_label>
            </render_choice>
          </response_lid>
        </presentation>
        <resprocessing>
          <outcomes>
            <decvar maxvalue="100" minvalue="0" varname="SCORE" vartype="Decimal"/>
          </outcomes>
          <respcondition continue="No">
            <conditionvar>
              <varequal respident="response1">text2qti_choice_0ab36586425eb45abf291eff747a3ebecc34459e759cc7599d5378cf8cb2a651</varequal>
            </conditionvar>
            <setvar action="Set" varname="SCORE">100</setvar>
          </respcondition>
        </resprocessing>
      </item>
      <item ident="text2qti_question_e824e6a0d893a3bd6c2022ae79786594f84c0c8c1fcde8f474a0afde85847442" title="Question">
        <itemmetadata>
          <qtimetadata>
            <qtimetadatafield>
              <fieldlabel>question_type</fieldlabel>
              <fieldentry>multiple_choice_question</fieldentry>
            </qtimetadatafield>
            <qtimetadatafield>
              <fieldlabel>points_possible</fieldlabel>
              <fieldentry>1</fieldentry>
            </qtimetadatafield>
            <qtimetadatafield>
              <fieldlabel>original_answer_ids</fieldlabel>
              <fieldentry>text2qti_choice_08a438eb4c7273b818c79846c87df8cbbd86c48ada296b49bd8a0ac39fc0fd06,text2qti_choice_788448520950978b94b6215c5c5896fb532d69dc217869cd6bd550667d371cda,text2qti_choice_c4e2687ea172b645d59b8a55639e634f233e340b0f714b3169d58172682ffb26</fieldentry>
            </qtimetadatafield>
            <qtimetadatafield>
              <fieldlabel>assessment_question_identifierref</fieldlabel>
              <fieldentry>text2qti_question_ref_e824e6a0d893a3bd6c2022ae79786594f84c0c8c1fcde8f474a0afde85847442</fieldentry>
            </qtimetadatafield>
          </qtimetadata>
        </itemmetadata>
        <presentation>
          <material>
            <mattext texttype="text/html">&lt;p&gt;¿______ vas después de la clase?&lt;/p&gt;</mattext>
          </material>
          <response_lid ident="response1" rcardinality="Single">
            <render_choice>
              <response_label ident="text2qti_choice_08a438eb4c7273b818c79846c87df8cbbd86c48ada296b49bd8a0ac39fc0fd06">
                <material>
                  <mattext texttype="text/html">&lt;p&gt;qué&lt;/p&gt;</mattext>
                </material>
              </response_label>
              <response_label ident="text2qti_choice_788448520950978b94b6215c5c5896fb532d69dc217869cd6bd550667d371cda">
                <material>
                  <mattext texttype="text/html">&lt;p&gt;dónde&lt;/p&gt;</mattext>
                </material>
              </response_label>
              <response_label ident="text2qti_choice_c4e2687ea172b645d59b8a55639e634f233e340b0f714b3169d58172682ffb26">
                <material>
                  <mattext texttype="text/html">&lt;p&gt;cuándo&lt;/p&gt;</mattext>
                </material>
              </response_label>
            </render_choice>
          </response_lid>
        </presentation>
        <resprocessing>
          <outcomes>
            <decvar maxvalue="100" minvalue="0" varname="SCORE" vartype="Decimal"/>
          </outcomes>
          <respcondition continue="No">
            <conditionvar>
              <varequal respident="response1">text2qti_choice_788448520950978b94b6215c5c5896fb532d69dc217869cd6bd550667d371cda</varequal>
            </conditionvar>
            <setvar action="Set" varname="SCORE">100</setvar>
          </respcondition>
        </resprocessing>
      </item>
      <item ident="text2qti_question_a5ed5afd5c0e513d57ddaabaae287c0572e02be42d7b82085dbc33457c135cb2" title="Question">
        <itemmetadata>
          <qtimetadata>
            <qtimetadatafield>
              <fieldlabel>question_type</fieldlabel>
              <fieldentry>multiple_choice_question</fieldentry>
            </qtimetadatafield>
            <qtimetadatafield>
              <fieldlabel>points_possible</fieldlabel>
              <fieldentry>1</fieldentry>
            </qtimetadatafield>
            <qtimetadatafield>
              <fieldlabel>original_answer_ids</fieldlabel>
              <fieldentry>text2qti_choice_e1f16edbc7b1e444848a3dbf8a39723d25e36d7a7db979f157f9ddd2ae2ff337,text2qti_choice_2995f97a8c85af00ae9d264763d51f1b9041feda5b5d3fb70d67757bb69b5a58,text2qti_choice_e1dd53090df3a082801955c18b06e83e6cf7f2eaa7beffd025820117970b2bd6</fieldentry>
            </qtimetadatafield>
            <qtimetadatafield>
              <fieldlabel>assessment_question_identifierref</fieldlabel>
              <fieldentry>text2qti_question_ref_a5ed5afd5c0e513d57ddaabaae287c0572e02be42d7b82085dbc33457c135cb2</fieldentry>
            </qtimetadatafield>
          </qtimetadata>
        </itemmetadata>
        <presentation>
          <material>
            <mattext texttype="text/html">&lt;p&gt;los profesores ______ muy buenos.&lt;/p&gt;</mattext>
          </material>
          <response_lid ident="response1" rcardinality="Single">
            <render_choice>
              <response_label ident="text2qti_choice_e1f16edbc7b1e444848a3dbf8a39723d25e36d7a7db979f157f9ddd2ae2ff337">
                <material>
                  <mattext texttype="text/html">&lt;p&gt;es&lt;/p&gt;</mattext>
                </material>
              </response_label>
              <response_label ident="text2qti_choice_2995f97a8c85af00ae9d264763d51f1b9041feda5b5d3fb70d67757bb69b5a58">
                <material>
                  <mattext texttype="text/html">&lt;p&gt;son&lt;/p&gt;</mattext>
                </material>
              </response_label>
              <response_label ident="text2qti_choice_e1dd53090df3a082801955c18b06e83e6cf7f2eaa7beffd025820117970b2bd6">
                <material>
                  <mattext texttype="text/html">&lt;p&gt;están&lt;/p&gt;</mattext>
                </material>
              </response_label>
            </render_choice>
          </response_lid>
        </presentation>
        <resprocessing>
          <outcomes>
            <decvar maxvalue="100" minvalue="0" varname="SCORE" vartype="Decimal"/>
          </outcomes>
          <respcondition continue="No">
            <conditionvar>
              <varequal respident="response1">text2qti_choice_2995f97a8c85af00ae9d264763d51f1b9041feda5b5d3fb70d67757bb69b5a58</varequal>
            </conditionvar>
            <setvar action="Set" varname="SCORE">100</setvar>
          </respcondition>
        </resprocessing>
      </item>
    </section>
    </section>
  </assessment>
</questestinterop>
