<?xml version="1.0" encoding="UTF-8"?>
<questestinterop xmlns="http://www.imsglobal.org/xsd/ims_qtiasiv1p2" xmlns:xsi="http://www.w3.org/2001/XMLSchema-instance" xsi:schemaLocation="http://www.imsglobal.org/xsd/ims_qtiasiv1p2 http://www.imsglobal.org/xsd/ims_qtiasiv1p2p1.xsd">
  <assessment ident="text2qti_assessment_f8a1b41dc06442f2788aa64d51c23059ceb924e2c0bff677508bf314b76d7c5b" title="Quiz">
    <qtimetadata>
      <qtimetadatafield>
        <fieldlabel>cc_maxattempts</fieldlabel>
        <fieldentry>1</fieldentry>
      </qtimetadatafield>
    </qtimetadata>
    <section ident="root_section">
      <item ident="text2qti_question_edffde44d7c2bbfda5f4132530f09f7032ad6abf4c7c7b98e943e058ecbfd69e" title="Question">
        <itemmetadata>
          <qtimetadata>
            <qtimetadatafield>
              <fieldlabel>question_type</fieldlabel>
              <fieldentry>multiple_choice_question</fieldentry>
            </qtimetadatafield>
            <qtimetadatafield>
              <fieldlabel>points_possible</fieldlabel>
              <fieldentry>1</fieldentry>
            </qtimetadatafield>
            <qtimetadatafield>
              <fieldlabel>original_answer_ids</fieldlabel>
              <fieldentry>text2qti_choice_acd5e7b5fa7b381a09e1abc91d58ad0f8391a8730724a9a4e8aff547bddd5721,text2qti_choice_5abdef96aba82cef6197ab1ec2d8ae89bcc68e7a797809b7fa33f2774bc5fbee,text2qti_choice_bf90babb994b5bc5e7ea56a1778118d0abb673345fcf57b3d12ea357074b8fac,text2qti_choice_f5c53541904a832cffb2ebb92958a9ff02265f2dea062c1e43a8acf2002f6f62</fieldentry>
            </qtimetadatafield>
            <qtimetadatafield>
              <fieldlabel>assessment_question_identifierref</fieldlabel>
              <fieldentry>text2qti_question_ref_edffde44d7c2bbfda5f4132530f09f7032ad6abf4c7c7b98e943e058ecbfd69e</fieldentry>
            </qtimetadatafield>
          </qtimetadata>
        </itemmetadata>
        <presentation>
          <material>
            <mattext texttype="text/html">&lt;p&gt;¿Cuál es uno de los objetivos de las sesiones 1 y 2 de la Unidad 13?&lt;/p&gt;</mattext>
          </material>
          <response_lid ident="response1" rcardinality="Single">
            <render_choice>
              <response_label ident="text2qti_choice_acd5e7b5fa7b381a09e1abc91d58ad0f8391a8730724a9a4e8aff547bddd5721">
                <material>
                  <mattext texttype="text/html">&lt;p&gt;Aprender a conjugar verbos en futuro.&lt;/p&gt;</mattext>
                </material>
              </response_label>
              <response_label ident="text2qti_choice_5abdef96aba82cef6197ab1ec2d8ae89bcc68e7a797809b7fa33f2774bc5fbee">
                <material>
                  <mattext texttype="text/html">&lt;p&gt;Narrar en presente.&lt;/p&gt;</mattext>
                </material>
              </response_label>
              <response_label ident="text2qti_choice_bf90babb994b5bc5e7ea56a1778118d0abb673345fcf57b3d12ea357074b8fac">
                <material>
                  <mattext texttype="text/html">&lt;p&gt;Narrar en el pasado.&lt;/p&gt;</mattext>
                </material>
              </response_label>
              <response_label ident="text2qti_choice_f5c53541904a832cffb2ebb92958a9ff02265f2dea062c1e43a8acf2002f6f62">
                <material>
                  <mattext texttype="text/html">&lt;p&gt;Entender la historia de España.&lt;/p&gt;</mattext>
                </material>
              </response_label>
            </render_choice>
          </response_lid>
        </presentation>
        <resprocessing>
          <outcomes>
            <decvar maxvalue="100" minvalue="0" varname="SCORE" vartype="Decimal"/>
          </outcomes>
          <respcondition continue="No">
            <conditionvar>
              <varequal respident="response1">text2qti_choice_bf90babb994b5bc5e7ea56a1778118d0abb673345fcf57b3d12ea357074b8fac</varequal>
            </conditionvar>
            <setvar action="Set" varname="SCORE">100</setvar>
          </respcondition>
        </resprocessing>
      </item>
      <item ident="text2qti_question_15bfc09c45f29c5d625007ce2a0b388292f1bdf65fe81a3eea4121dfa17e0eec" title="Question">
        <itemmetadata>
          <qtimetadata>
            <qtimetadatafield>
              <fieldlabel>question_type</fieldlabel>
              <fieldentry>multiple_choice_question</fieldentry>
            </qtimetadatafield>
            <qtimetadatafield>
              <fieldlabel>points_possible</fieldlabel>
              <fieldentry>1</fieldentry>
            </qtimetadatafield>
            <qtimetadatafield>
              <fieldlabel>original_answer_ids</fieldlabel>
              <fieldentry>text2qti_choice_2b5ea9cc36df56d4ea5bb22ada0da7805c4863cb7836f6a10a6aa42f76f2cada,text2qti_choice_84548929e9417431368acb7e68334b7bbca2a219ead5619063b1f92d29c53838,text2qti_choice_9b0f4e68e4ebf20c6593ede41056dbef5ba651a682474781edef05e1a45308f5,text2qti_choice_a1f82247b56d202872c3383a3c5fc447bb2fefe37884371c9518e9f45bb66330</fieldentry>
            </qtimetadatafield>
            <qtimetadatafield>
              <fieldlabel>assessment_question_identifierref</fieldlabel>
              <fieldentry>text2qti_question_ref_15bfc09c45f29c5d625007ce2a0b388292f1bdf65fe81a3eea4121dfa17e0eec</fieldentry>
            </qtimetadatafield>
          </qtimetadata>
        </itemmetadata>
        <presentation>
          <material>
            <mattext texttype="text/html">&lt;p&gt;En el contexto de las sesiones 1 y 2, ¿cuál es un tema central que se discute?&lt;/p&gt;</mattext>
          </material>
          <response_lid ident="response1" rcardinality="Single">
            <render_choice>
              <response_label ident="text2qti_choice_2b5ea9cc36df56d4ea5bb22ada0da7805c4863cb7836f6a10a6aa42f76f2cada">
                <material>
                  <mattext texttype="text/html">&lt;p&gt;Identidad e inmigración.&lt;/p&gt;</mattext>
                </material>
              </response_label>
              <response_label ident="text2qti_choice_84548929e9417431368acb7e68334b7bbca2a219ead5619063b1f92d29c53838">
                <material>
                  <mattext texttype="text/html">&lt;p&gt;Geografía y clima.&lt;/p&gt;</mattext>
                </material>
              </response_label>
              <response_label ident="text2qti_choice_9b0f4e68e4ebf20c6593ede41056dbef5ba651a682474781edef05e1a45308f5">
                <material>
                  <mattext texttype="text/html">&lt;p&gt;Innovaciones tecnológicas.&lt;/p&gt;</mattext>
                </material>
              </response_label>
              <response_label ident="text2qti_choice_a1f82247b56d202872c3383a3c5fc447bb2fefe37884371c9518e9f45bb66330">
                <material>
                  <mattext texttype="text/html">&lt;p&gt;Economía y finanzas.&lt;/p&gt;</mattext>
                </material>
              </response_label>
            </render_choice>
          </response_lid>
        </presentation>
        <resprocessing>
          <outcomes>
            <decvar maxvalue="100" minvalue="0" varname="SCORE" vartype="Decimal"/>
          </outcomes>
          <respcondition continue="No">
            <conditionvar>
              <varequal respident="response1">text2qti_choice_2b5ea9cc36df56d4ea5bb22ada0da7805c4863cb7836f6a10a6aa42f76f2cada</varequal>
            </conditionvar>
            <setvar action="Set" varname="SCORE">100</setvar>
          </respcondition>
        </resprocessing>
      </item>
      <item ident="text2qti_question_5961b61639dbd9e9b8219e0e5b19222ef12d41b9fe891fbca35fe7611cfd420a" title="Question">
        <itemmetadata>
          <qtimetadata>
            <qtimetadatafield>
              <fieldlabel>question_type</fieldlabel>
              <fieldentry>multiple_choice_question</fieldentry>
            </qtimetadatafield>
            <qtimetadatafield>
              <fieldlabel>points_possible</fieldlabel>
              <fieldentry>1</fieldentry>
            </qtimetadatafield>
            <qtimetadatafield>
              <fieldlabel>original_answer_ids</fieldlabel>
              <fieldentry>text2qti_choice_0fd73e81f9423d402dfa95409231eb66ec855c17cb90b7e49ff92072ee9d85bb,text2qti_choice_c129973e6e0402829548a9e2a03ebc6ef610430a8c19b650b7dfb21937646ace,text2qti_choice_1c66d5e773e1a133cdf25cb9bd7d774ae9d102133f1aaf653450ab9e3fce8d6c,text2qti_choice_52436deaf7e9a7fb9dc215f47c808895dd215a61e7bf512f713394e15216097e</fieldentry>
            </qtimetadatafield>
            <qtimetadatafield>
              <fieldlabel>assessment_question_identifierref</fieldlabel>
              <fieldentry>text2qti_question_ref_5961b61639dbd9e9b8219e0e5b19222ef12d41b9fe891fbca35fe7611cfd420a</fieldentry>
            </qtimetadatafield>
          </qtimetadata>
        </itemmetadata>
        <presentation>
          <material>
            <mattext texttype="text/html">&lt;p&gt;¿Cuál de las siguientes es una habilidad que se desarrolla en las sesiones 3 y 4 de la Unidad 14?&lt;/p&gt;</mattext>
          </material>
          <response_lid ident="response1" rcardinality="Single">
            <render_choice>
              <response_label ident="text2qti_choice_0fd73e81f9423d402dfa95409231eb66ec855c17cb90b7e49ff92072ee9d85bb">
                <material>
                  <mattext texttype="text/html">&lt;p&gt;Redactar ensayos.&lt;/p&gt;</mattext>
                </material>
              </response_label>
              <response_label ident="text2qti_choice_c129973e6e0402829548a9e2a03ebc6ef610430a8c19b650b7dfb21937646ace">
                <material>
                  <mattext texttype="text/html">&lt;p&gt;Escuchar para entretenerse.&lt;/p&gt;</mattext>
                </material>
              </response_label>
              <response_label ident="text2qti_choice_1c66d5e773e1a133cdf25cb9bd7d774ae9d102133f1aaf653450ab9e3fce8d6c">
                <material>
                  <mattext texttype="text/html">&lt;p&gt;Escuchar para entender.&lt;/p&gt;</mattext>
                </material>
              </response_label>
              <response_label ident="text2qti_choice_52436deaf7e9a7fb9dc215f47c808895dd215a61e7bf512f713394e15216097e">
                <material>
                  <mattext texttype="text/html">&lt;p&gt;Leer poesía moderna.&lt;/p&gt;</mattext>
                </material>
              </response_label>
            </render_choice>
          </response_lid>
        </presentation>
        <resprocessing>
          <outcomes>
            <decvar maxvalue="100" minvalue="0" varname="SCORE" vartype="Decimal"/>
          </outcomes>
          <respcondition continue="No">
            <conditionvar>
              <varequal respident="response1">text2qti_choice_1c66d5e773e1a133cdf25cb9bd7d774ae9d102133f1aaf653450ab9e3fce8d6c</varequal>
            </conditionvar>
            <setvar action="Set" varname="SCORE">100</setvar>
          </respcondition>
        </resprocessing>
      </item>
      <item ident="text2qti_question_c9ad3f329fd82298e39a05ba6e06e4a1c14b481b9c65e9f234c1e9c89b667752" title="Question">
        <itemmetadata>
          <qtimetadata>
            <qtimetadatafield>
              <fieldlabel>question_type</fieldlabel>
              <fieldentry>multiple_choice_question</fieldentry>
            </qtimetadatafield>
            <qtimetadatafield>
              <fieldlabel>points_possible</fieldlabel>
              <fieldentry>1</fieldentry>
            </qtimetadatafield>
            <qtimetadatafield>
              <fieldlabel>original_answer_ids</fieldlabel>
              <fieldentry>text2qti_choice_8a54c6929767ec4cb2d096961c49d63fdbeb8bc0a68ef24da77df31014a2ab18,text2qti_choice_258ac5f0f76ff46344ddeaba01abcd260f3ab9fc2bec6ac73ffde752435ecad5,text2qti_choice_22a83b5e85f22a8d5789c6022cd01369ebf7f3710415ebfc03c37404ed2bcd4b,text2qti_choice_9f572a50e92f366475c46b03a1a19749ea0c8150f69333e0ed82f90dbb1fdb86</fieldentry>
            </qtimetadatafield>
            <qtimetadatafield>
              <fieldlabel>assessment_question_identifierref</fieldlabel>
              <fieldentry>text2qti_question_ref_c9ad3f329fd82298e39a05ba6e06e4a1c14b481b9c65e9f234c1e9c89b667752</fieldentry>
            </qtimetadatafield>
          </qtimetadata>
        </itemmetadata>
        <presentation>
          <material>
            <mattext texttype="text/html">&lt;p&gt;Las sesiones 3 y 4 incluyen el uso de un video auténtico. ¿De qué país proviene este video?&lt;/p&gt;</mattext>
          </material>
          <response_lid ident="response1" rcardinality="Single">
            <render_choice>
              <response_label ident="text2qti_choice_8a54c6929767ec4cb2d096961c49d63fdbeb8bc0a68ef24da77df31014a2ab18">
                <material>
                  <mattext texttype="text/html">&lt;p&gt;México.&lt;/p&gt;</mattext>
                </material>
              </response_label>
              <response_label ident="text2qti_choice_258ac5f0f76ff46344ddeaba01abcd260f3ab9fc2bec6ac73ffde752435ecad5">
                <material>
                  <mattext texttype="text/html">&lt;p&gt;España.&lt;/p&gt;</mattext>
                </material>
              </response_label>
              <response_label ident="text2qti_choice_22a83b5e85f22a8d5789c6022cd01369ebf7f3710415ebfc03c37404ed2bcd4b">
                <material>
                  <mattext texttype="text/html">&lt;p&gt;Argentina.&lt;/p&gt;</mattext>
                </material>
              </response_label>
              <response_label ident="text2qti_choice_9f572a50e92f366475c46b03a1a19749ea0c8150f69333e0ed82f90dbb1fdb86">
                <material>
                  <mattext texttype="text/html">&lt;p&gt;Chile.&lt;/p&gt;</mattext>
                </material>
              </response_label>
            </render_choice>
          </response_lid>
        </presentation>
        <resprocessing>
          <outcomes>
            <decvar maxvalue="100" minvalue="0" varname="SCORE" vartype="Decimal"/>
          </outcomes>
          <respcondition continue="No">
            <conditionvar>
              <varequal respident="response1">text2qti_choice_22a83b5e85f22a8d5789c6022cd01369ebf7f3710415ebfc03c37404ed2bcd4b</varequal>
            </conditionvar>
            <setvar action="Set" varname="SCORE">100</setvar>
          </respcondition>
        </resprocessing>
      </item>
      <item ident="text2qti_question_f6f176e174a02f580c9a3fe596b9c43158dcf6295754c80db2a34b15656a75ca" title="Question">
        <itemmetadata>
          <qtimetadata>
            <qtimetadatafield>
              <fieldlabel>question_type</fieldlabel>
              <fieldentry>multiple_choice_question</fieldentry>
            </qtimetadatafield>
            <qtimetadatafield>
              <fieldlabel>points_possible</fieldlabel>
              <fieldentry>1</fieldentry>
            </qtimetadatafield>
            <qtimetadatafield>
              <fieldlabel>original_answer_ids</fieldlabel>
              <fieldentry>text2qti_choice_a16f7efed967932162521a7f386447ebfceb734a97093f492672ce9501c25d21,text2qti_choice_77a42f1570688f462853da7cd0dc3f622699134427bdcaf0d5d78f7f1741e536</fieldentry>
            </qtimetadatafield>
            <qtimetadatafield>
              <fieldlabel>assessment_question_identifierref</fieldlabel>
              <fieldentry>text2qti_question_ref_f6f176e174a02f580c9a3fe596b9c43158dcf6295754c80db2a34b15656a75ca</fieldentry>
            </qtimetadatafield>
          </qtimetadata>
        </itemmetadata>
        <presentation>
          <material>
            <mattext texttype="text/html">&lt;p&gt;En la conversación guiada de la Unidad 13, una pregunta es sobre las tendencias migratorias más recientes. ¿Verdadero o falso?&lt;/p&gt;</mattext>
          </material>
          <response_lid ident="response1" rcardinality="Single">
            <render_choice>
              <response_label ident="text2qti_choice_a16f7efed967932162521a7f386447ebfceb734a97093f492672ce9501c25d21">
                <material>
                  <mattext texttype="text/html">&lt;p&gt;Verdadero.&lt;/p&gt;</mattext>
                </material>
              </response_label>
              <response_label ident="text2qti_choice_77a42f1570688f462853da7cd0dc3f622699134427bdcaf0d5d78f7f1741e536">
                <material>
                  <mattext texttype="text/html">&lt;p&gt;Falso.&lt;/p&gt;</mattext>
                </material>
              </response_label>
            </render_choice>
          </response_lid>
        </presentation>
        <resprocessing>
          <outcomes>
            <decvar maxvalue="100" minvalue="0" varname="SCORE" vartype="Decimal"/>
          </outcomes>
          <respcondition continue="No">
            <conditionvar>
              <varequal respident="response1">text2qti_choice_a16f7efed967932162521a7f386447ebfceb734a97093f492672ce9501c25d21</varequal>
            </conditionvar>
            <setvar action="Set" varname="SCORE">100</setvar>
          </respcondition>
        </resprocessing>
      </item>
      <item ident="text2qti_question_dca81429f0d43a1cff145cbb9839a43a7af8412ad7ed0f11a9399c79b4a41e38" title="Question">
        <itemmetadata>
          <qtimetadata>
            <qtimetadatafield>
              <fieldlabel>question_type</fieldlabel>
              <fieldentry>multiple_choice_question</fieldentry>
            </qtimetadatafield>
            <qtimetadatafield>
              <fieldlabel>points_possible</fieldlabel>
              <fieldentry>1</fieldentry>
            </qtimetadatafield>
            <qtimetadatafield>
              <fieldlabel>original_answer_ids</fieldlabel>
              <fieldentry>text2qti_choice_bcac5f6ef8911822f4f1b1fd4cf103191cbf1afd8a2e4313e7e681a6c95e3740,text2qti_choice_f883918718ffb11c9ff154475b5523180d593a6ebf0b17e1292e2c7400b633f8,text2qti_choice_3469b89b8e0459a4c46d501ebcf1830e3a20b1a4a6353740707b8d341f9028ad,text2qti_choice_f568cb0c13d0d56e47ed5134e9be4605ffa9570dcbf15abcb86f611143cdebe3</fieldentry>
            </qtimetadatafield>
            <qtimetadatafield>
              <fieldlabel>assessment_question_identifierref</fieldlabel>
              <fieldentry>text2qti_question_ref_dca81429f0d43a1cff145cbb9839a43a7af8412ad7ed0f11a9399c79b4a41e38</fieldentry>
            </qtimetadatafield>
          </qtimetadata>
        </itemmetadata>
        <presentation>
          <material>
            <mattext texttype="text/html">&lt;p&gt;Uno de los objetivos de la Unidad 14 es aprender a entender la pronunciación de qué letra en español?&lt;/p&gt;</mattext>
          </material>
          <response_lid ident="response1" rcardinality="Single">
            <render_choice>
              <response_label ident="text2qti_choice_bcac5f6ef8911822f4f1b1fd4cf103191cbf1afd8a2e4313e7e681a6c95e3740">
                <material>
                  <mattext texttype="text/html">&lt;p&gt;V&lt;/p&gt;</mattext>
                </material>
              </response_label>
              <response_label ident="text2qti_choice_f883918718ffb11c9ff154475b5523180d593a6ebf0b17e1292e2c7400b633f8">
                <material>
                  <mattext texttype="text/html">&lt;p&gt;G&lt;/p&gt;</mattext>
                </material>
              </response_label>
              <response_label ident="text2qti_choice_3469b89b8e0459a4c46d501ebcf1830e3a20b1a4a6353740707b8d341f9028ad">
                <material>
                  <mattext texttype="text/html">&lt;p&gt;N&lt;/p&gt;</mattext>
                </material>
              </response_label>
              <response_label ident="text2qti_choice_f568cb0c13d0d56e47ed5134e9be4605ffa9570dcbf15abcb86f611143cdebe3">
                <material>
                  <mattext texttype="text/html">&lt;p&gt;R&lt;/p&gt;</mattext>
                </material>
              </response_label>
            </render_choice>
          </response_lid>
        </presentation>
        <resprocessing>
          <outcomes>
            <decvar maxvalue="100" minvalue="0" varname="SCORE" vartype="Decimal"/>
          </outcomes>
          <respcondition continue="No">
            <conditionvar>
              <varequal respident="response1">text2qti_choice_3469b89b8e0459a4c46d501ebcf1830e3a20b1a4a6353740707b8d341f9028ad</varequal>
            </conditionvar>
            <setvar action="Set" varname="SCORE">100</setvar>
          </respcondition>
        </resprocessing>
      </item>
      <item ident="text2qti_question_95c625afcfe17020e8e46aa44b9e5d71dd1ae6a88da7717652459c94dbf1818c" title="Question">
        <itemmetadata>
          <qtimetadata>
            <qtimetadatafield>
              <fieldlabel>question_type</fieldlabel>
              <fieldentry>multiple_choice_question</fieldentry>
            </qtimetadatafield>
            <qtimetadatafield>
              <fieldlabel>points_possible</fieldlabel>
              <fieldentry>1</fieldentry>
            </qtimetadatafield>
            <qtimetadatafield>
              <fieldlabel>original_answer_ids</fieldlabel>
              <fieldentry>text2qti_choice_27bf9efcefb5276cc572a77fe3177940c8fd0451c774e8866d794f0220b61783,text2qti_choice_fd249f383fbfe59028e769a95b30c6d754e99ee58f4d76b0bac25cda3ba3b8f9,text2qti_choice_28cb360aecd1eede41da5a59a3e56338e93d2c6d42d03921cba793c5e4c88969,text2qti_choice_3a6f06b96e0142723626058617b0413e1419237143ec25f1e8ade7de8d5791f3</fieldentry>
            </qtimetadatafield>
            <qtimetadatafield>
              <fieldlabel>assessment_question_identifierref</fieldlabel>
              <fieldentry>text2qti_question_ref_95c625afcfe17020e8e46aa44b9e5d71dd1ae6a88da7717652459c94dbf1818c</fieldentry>
            </qtimetadatafield>
          </qtimetadata>
        </itemmetadata>
        <presentation>
          <material>
            <mattext texttype="text/html">&lt;p&gt;¿Cuál es un aspecto de los objetivos de la Unidad 13?&lt;/p&gt;</mattext>
          </material>
          <response_lid ident="response1" rcardinality="Single">
            <render_choice>
              <response_label ident="text2qti_choice_27bf9efcefb5276cc572a77fe3177940c8fd0451c774e8866d794f0220b61783">
                <material>
                  <mattext texttype="text/html">&lt;p&gt;Describir ciudades actuales.&lt;/p&gt;</mattext>
                </material>
              </response_label>
              <response_label ident="text2qti_choice_fd249f383fbfe59028e769a95b30c6d754e99ee58f4d76b0bac25cda3ba3b8f9">
                <material>
                  <mattext texttype="text/html">&lt;p&gt;Explicar la naturaleza.&lt;/p&gt;</mattext>
                </material>
              </response_label>
              <response_label ident="text2qti_choice_28cb360aecd1eede41da5a59a3e56338e93d2c6d42d03921cba793c5e4c88969">
                <material>
                  <mattext texttype="text/html">&lt;p&gt;Identificar especies animales.&lt;/p&gt;</mattext>
                </material>
              </response_label>
              <response_label ident="text2qti_choice_3a6f06b96e0142723626058617b0413e1419237143ec25f1e8ade7de8d5791f3">
                <material>
                  <mattext texttype="text/html">&lt;p&gt;Usar claves adverbiales para comprender el aspecto del tiempo pasado.&lt;/p&gt;</mattext>
                </material>
              </response_label>
            </render_choice>
          </response_lid>
        </presentation>
        <resprocessing>
          <outcomes>
            <decvar maxvalue="100" minvalue="0" varname="SCORE" vartype="Decimal"/>
          </outcomes>
          <respcondition continue="No">
            <conditionvar>
              <varequal respident="response1">text2qti_choice_3a6f06b96e0142723626058617b0413e1419237143ec25f1e8ade7de8d5791f3</varequal>
            </conditionvar>
            <setvar action="Set" varname="SCORE">100</setvar>
          </respcondition>
        </resprocessing>
      </item>
      <item ident="text2qti_question_a2eb75c16f0db4b620baabe11c90e74615be92c89ec1957babf616064e74702f" title="Question">
        <itemmetadata>
          <qtimetadata>
            <qtimetadatafield>
              <fieldlabel>question_type</fieldlabel>
              <fieldentry>multiple_choice_question</fieldentry>
            </qtimetadatafield>
            <qtimetadatafield>
              <fieldlabel>points_possible</fieldlabel>
              <fieldentry>1</fieldentry>
            </qtimetadatafield>
            <qtimetadatafield>
              <fieldlabel>original_answer_ids</fieldlabel>
              <fieldentry>text2qti_choice_6c3ecb61d5306dcd93578aea9c2baf90fb0b4304482d50789d0e4789b6a3d231,text2qti_choice_68f01e32c9d29cb700d29a9dfc10d2a0dd8670b48f08b705bebf0621d381ccf7,text2qti_choice_ce7be7b4b5bdf1893f0b95c4a2f17f8f891d746275b3dcf365e31b5e11edf381,text2qti_choice_965ac81c8462cbeca2e7894cc77c02f04f2040eb1e33cd2ee948e8ce28f4665a</fieldentry>
            </qtimetadatafield>
            <qtimetadatafield>
              <fieldlabel>assessment_question_identifierref</fieldlabel>
              <fieldentry>text2qti_question_ref_a2eb75c16f0db4b620baabe11c90e74615be92c89ec1957babf616064e74702f</fieldentry>
            </qtimetadatafield>
          </qtimetadata>
        </itemmetadata>
        <presentation>
          <material>
            <mattext texttype="text/html">&lt;p&gt;¿Qué se recomienda hacer al final de las sesiones 3 y 4 para mostrar comprensión?&lt;/p&gt;</mattext>
          </material>
          <response_lid ident="response1" rcardinality="Single">
            <render_choice>
              <response_label ident="text2qti_choice_6c3ecb61d5306dcd93578aea9c2baf90fb0b4304482d50789d0e4789b6a3d231">
                <material>
                  <mattext texttype="text/html">&lt;p&gt;Dar una presentación usando notas.&lt;/p&gt;</mattext>
                </material>
              </response_label>
              <response_label ident="text2qti_choice_68f01e32c9d29cb700d29a9dfc10d2a0dd8670b48f08b705bebf0621d381ccf7">
                <material>
                  <mattext texttype="text/html">&lt;p&gt;Dibujar un cuadro.&lt;/p&gt;</mattext>
                </material>
              </response_label>
              <response_label ident="text2qti_choice_ce7be7b4b5bdf1893f0b95c4a2f17f8f891d746275b3dcf365e31b5e11edf381">
                <material>
                  <mattext texttype="text/html">&lt;p&gt;Escribir un poema en inglés.&lt;/p&gt;</mattext>
                </material>
              </response_label>
              <response_label ident="text2qti_choice_965ac81c8462cbeca2e7894cc77c02f04f2040eb1e33cd2ee948e8ce28f4665a">
                <material>
                  <mattext texttype="text/html">&lt;p&gt;Jugar un juego de roles.&lt;/p&gt;</mattext>
                </material>
              </response_label>
            </render_choice>
          </response_lid>
        </presentation>
        <resprocessing>
          <outcomes>
            <decvar maxvalue="100" minvalue="0" varname="SCORE" vartype="Decimal"/>
          </outcomes>
          <respcondition continue="No">
            <conditionvar>
              <varequal respident="response1">text2qti_choice_6c3ecb61d5306dcd93578aea9c2baf90fb0b4304482d50789d0e4789b6a3d231</varequal>
            </conditionvar>
            <setvar action="Set" varname="SCORE">100</setvar>
          </respcondition>
        </resprocessing>
      </item>
      <item ident="text2qti_question_3a4195231f1818dcf314a09c985000551faf329d29465f26e2a3daf2682aaaee" title="Question">
        <itemmetadata>
          <qtimetadata>
            <qtimetadatafield>
              <fieldlabel>question_type</fieldlabel>
              <fieldentry>multiple_choice_question</fieldentry>
            </qtimetadatafield>
            <qtimetadatafield>
              <fieldlabel>points_possible</fieldlabel>
              <fieldentry>1</fieldentry>
            </qtimetadatafield>
            <qtimetadatafield>
              <fieldlabel>original_answer_ids</fieldlabel>
              <fieldentry>text2qti_choice_7f44ec0d073671acfecd33e767d3c15fc2a06499149b126512162ac1c93337cb,text2qti_choice_4698776d63c9c4ff1e69f77d25d1fa0b88abcfbf609ecfae5ad5c3b677c68e6e,text2qti_choice_95916e3d85c1e1c5e9644d7794b8090d35ba0eec5c1e78e38aa86b469bc8751c,text2qti_choice_9c37d235a1d1ceb968d464e691a0cffe769a36c3a3dfb81e7465358898e597e9</fieldentry>
            </qtimetadatafield>
            <qtimetadatafield>
              <fieldlabel>assessment_question_identifierref</fieldlabel>
              <fieldentry>text2qti_question_ref_3a4195231f1818dcf314a09c985000551faf329d29465f26e2a3daf2682aaaee</fieldentry>
            </qtimetadatafield>
          </qtimetadata>
        </itemmetadata>
        <presentation>
          <material>
            <mattext texttype="text/html">&lt;p&gt;En las sesiones 1 y 2 de la Unidad 13, se examina un fragmento de qué tipo de novela?&lt;/p&gt;</mattext>
          </material>
          <response_lid ident="response1" rcardinality="Single">
            <render_choice>
              <response_label ident="text2qti_choice_7f44ec0d073671acfecd33e767d3c15fc2a06499149b126512162ac1c93337cb">
                <material>
                  <mattext texttype="text/html">&lt;p&gt;Novela romántica.&lt;/p&gt;</mattext>
                </material>
              </response_label>
              <response_label ident="text2qti_choice_4698776d63c9c4ff1e69f77d25d1fa0b88abcfbf609ecfae5ad5c3b677c68e6e">
                <material>
                  <mattext texttype="text/html">&lt;p&gt;Novela policial.&lt;/p&gt;</mattext>
                </material>
              </response_label>
              <response_label ident="text2qti_choice_95916e3d85c1e1c5e9644d7794b8090d35ba0eec5c1e78e38aa86b469bc8751c">
                <material>
                  <mattext texttype="text/html">&lt;p&gt;Novela gráfica sobre un inmigrante en Estados Unidos.&lt;/p&gt;</mattext>
                </material>
              </response_label>
              <response_label ident="text2qti_choice_9c37d235a1d1ceb968d464e691a0cffe769a36c3a3dfb81e7465358898e597e9">
                <material>
                  <mattext texttype="text/html">&lt;p&gt;Novela histórica.&lt;/p&gt;</mattext>
                </material>
              </response_label>
            </render_choice>
          </response_lid>
        </presentation>
        <resprocessing>
          <outcomes>
            <decvar maxvalue="100" minvalue="0" varname="SCORE" vartype="Decimal"/>
          </outcomes>
          <respcondition continue="No">
            <conditionvar>
              <varequal respident="response1">text2qti_choice_95916e3d85c1e1c5e9644d7794b8090d35ba0eec5c1e78e38aa86b469bc8751c</varequal>
            </conditionvar>
            <setvar action="Set" varname="SCORE">100</setvar>
          </respcondition>
        </resprocessing>
      </item>
      <item ident="text2qti_question_42576345eb7402688634422c7dd1e105caea8437b59e81ad9d52d8ff7169ed49" title="Question">
        <itemmetadata>
          <qtimetadata>
            <qtimetadatafield>
              <fieldlabel>question_type</fieldlabel>
              <fieldentry>multiple_choice_question</fieldentry>
            </qtimetadatafield>
            <qtimetadatafield>
              <fieldlabel>points_possible</fieldlabel>
              <fieldentry>1</fieldentry>
            </qtimetadatafield>
            <qtimetadatafield>
              <fieldlabel>original_answer_ids</fieldlabel>
              <fieldentry>text2qti_choice_70c5051cf1096aa2cd4f4f91d459b32c5098bf3c4ba30cfa9646e33e064617b7,text2qti_choice_0f614086c863b6141227e3c399a8b274f45b89255cb7e10ef3c0485aac42ba28,text2qti_choice_b64e42ce3e58f910c7cdd8f9522dccd5ba7770cf41e430e60b47c4085ace4728,text2qti_choice_239e516048c9967ab92e3eec508a249566967addcc4e2406614540ba2f610777</fieldentry>
            </qtimetadatafield>
            <qtimetadatafield>
              <fieldlabel>assessment_question_identifierref</fieldlabel>
              <fieldentry>text2qti_question_ref_42576345eb7402688634422c7dd1e105caea8437b59e81ad9d52d8ff7169ed49</fieldentry>
            </qtimetadatafield>
          </qtimetadata>
        </itemmetadata>
        <presentation>
          <material>
            <mattext texttype="text/html">&lt;p&gt;¿Las sesiones de la Unidad 14 incluyen la comparación de qué aspecto del mundo hispanohablante?&lt;/p&gt;</mattext>
          </material>
          <response_lid ident="response1" rcardinality="Single">
            <render_choice>
              <response_label ident="text2qti_choice_70c5051cf1096aa2cd4f4f91d459b32c5098bf3c4ba30cfa9646e33e064617b7">
                <material>
                  <mattext texttype="text/html">&lt;p&gt;Tecnologías avanzadas.&lt;/p&gt;</mattext>
                </material>
              </response_label>
              <response_label ident="text2qti_choice_0f614086c863b6141227e3c399a8b274f45b89255cb7e10ef3c0485aac42ba28">
                <material>
                  <mattext texttype="text/html">&lt;p&gt;Plato típicos.&lt;/p&gt;</mattext>
                </material>
              </response_label>
              <response_label ident="text2qti_choice_b64e42ce3e58f910c7cdd8f9522dccd5ba7770cf41e430e60b47c4085ace4728">
                <material>
                  <mattext texttype="text/html">&lt;p&gt;Tipos populares de arte.&lt;/p&gt;</mattext>
                </material>
              </response_label>
              <response_label ident="text2qti_choice_239e516048c9967ab92e3eec508a249566967addcc4e2406614540ba2f610777">
                <material>
                  <mattext texttype="text/html">&lt;p&gt;Festividades religiosas.&lt;/p&gt;</mattext>
                </material>
              </response_label>
            </render_choice>
          </response_lid>
        </presentation>
        <resprocessing>
          <outcomes>
            <decvar maxvalue="100" minvalue="0" varname="SCORE" vartype="Decimal"/>
          </outcomes>
          <respcondition continue="No">
            <conditionvar>
              <varequal respident="response1">text2qti_choice_b64e42ce3e58f910c7cdd8f9522dccd5ba7770cf41e430e60b47c4085ace4728</varequal>
            </conditionvar>
            <setvar action="Set" varname="SCORE">100</setvar>
          </respcondition>
        </resprocessing>
      </item>
    </section>
  </assessment>
</questestinterop>
