<?xml version="1.0" encoding="UTF-8"?>
<questestinterop xmlns="http://www.imsglobal.org/xsd/ims_qtiasiv1p2" xmlns:xsi="http://www.w3.org/2001/XMLSchema-instance" xsi:schemaLocation="http://www.imsglobal.org/xsd/ims_qtiasiv1p2 http://www.imsglobal.org/xsd/ims_qtiasiv1p2p1.xsd">
  <assessment ident="text2qti_assessment_02a938d75b8d0c0d77cb92de109b8ac21916f03cabbd8b8293f46c8bb70080c8" title="Quiz">
    <qtimetadata>
      <qtimetadatafield>
        <fieldlabel>cc_maxattempts</fieldlabel>
        <fieldentry>1</fieldentry>
      </qtimetadatafield>
    </qtimetadata>
    <section ident="root_section">
      <item ident="text2qti_question_3f426f2b0e5213fb4234672f912db06de7f6e21fca879073e283d49fec620691" title="Question">
        <itemmetadata>
          <qtimetadata>
            <qtimetadatafield>
              <fieldlabel>question_type</fieldlabel>
              <fieldentry>multiple_choice_question</fieldentry>
            </qtimetadatafield>
            <qtimetadatafield>
              <fieldlabel>points_possible</fieldlabel>
              <fieldentry>1</fieldentry>
            </qtimetadatafield>
            <qtimetadatafield>
              <fieldlabel>original_answer_ids</fieldlabel>
              <fieldentry>text2qti_choice_8520359f058fede0d05618010962796c77e7eb691092be59c44abdbe742e02fa,text2qti_choice_baa14b4036ff1b5e8f397b8a7248974dae4584ee18c121db2aef4c93e8c69d85,text2qti_choice_2939436e1ac627875e29b7b0be15f526197110e9e237445bf88c3f24b711ae79,text2qti_choice_2c88f654f6fcf9b04dbb3b648f6999742c80c97f7c3bbc9105ed83cf04bdd13c</fieldentry>
            </qtimetadatafield>
            <qtimetadatafield>
              <fieldlabel>assessment_question_identifierref</fieldlabel>
              <fieldentry>text2qti_question_ref_3f426f2b0e5213fb4234672f912db06de7f6e21fca879073e283d49fec620691</fieldentry>
            </qtimetadatafield>
          </qtimetadata>
        </itemmetadata>
        <presentation>
          <material>
            <mattext texttype="text/html">&lt;p&gt;What is the capital of France?&lt;/p&gt;</mattext>
          </material>
          <response_lid ident="response1" rcardinality="Single">
            <render_choice>
              <response_label ident="text2qti_choice_8520359f058fede0d05618010962796c77e7eb691092be59c44abdbe742e02fa">
                <material>
                  <mattext texttype="text/html">&lt;p&gt;Paris&lt;/p&gt;</mattext>
                </material>
              </response_label>
              <response_label ident="text2qti_choice_baa14b4036ff1b5e8f397b8a7248974dae4584ee18c121db2aef4c93e8c69d85">
                <material>
                  <mattext texttype="text/html">&lt;p&gt;London&lt;/p&gt;</mattext>
                </material>
              </response_label>
              <response_label ident="text2qti_choice_2939436e1ac627875e29b7b0be15f526197110e9e237445bf88c3f24b711ae79">
                <material>
                  <mattext texttype="text/html">&lt;p&gt;Berlin&lt;/p&gt;</mattext>
                </material>
              </response_label>
              <response_label ident="text2qti_choice_2c88f654f6fcf9b04dbb3b648f6999742c80c97f7c3bbc9105ed83cf04bdd13c">
                <material>
                  <mattext texttype="text/html">&lt;p&gt;Madrid&lt;/p&gt;</mattext>
                </material>
              </response_label>
            </render_choice>
          </response_lid>
        </presentation>
        <resprocessing>
          <outcomes>
            <decvar maxvalue="100" minvalue="0" varname="SCORE" vartype="Decimal"/>
          </outcomes>
          <respcondition continue="No">
            <conditionvar>
              <varequal respident="response1">text2qti_choice_8520359f058fede0d05618010962796c77e7eb691092be59c44abdbe742e02fa</varequal>
            </conditionvar>
            <setvar action="Set" varname="SCORE">100</setvar>
          </respcondition>
        </resprocessing>
      </item>
      <item ident="text2qti_question_063a96dd24405ffd116f143b77f02584d27087fb1b57931761ee08be0921976d" title="Question">
        <itemmetadata>
          <qtimetadata>
            <qtimetadatafield>
              <fieldlabel>question_type</fieldlabel>
              <fieldentry>multiple_answers_question</fieldentry>
            </qtimetadatafield>
            <qtimetadatafield>
              <fieldlabel>points_possible</fieldlabel>
              <fieldentry>1</fieldentry>
            </qtimetadatafield>
            <qtimetadatafield>
              <fieldlabel>original_answer_ids</fieldlabel>
              <fieldentry>text2qti_choice_4f3ee56bb7b357a9348d4eb01b22b1f0a40b278a0937133fb3aa872610bb892f,text2qti_choice_a624de1778f9674479cc78d43ccb117445dbae22a61fd2079a3eee0fa9433dba,text2qti_choice_1d7dde6dded61b18e7745cc6b2b372dd9d0fc14aa3ea914fc99d5e3701628214,text2qti_choice_45b2639c2a1c5c725e450ba2ce9060c1ab732de3cf862dbbc074af4c3fb08f60</fieldentry>
            </qtimetadatafield>
            <qtimetadatafield>
              <fieldlabel>assessment_question_identifierref</fieldlabel>
              <fieldentry>text2qti_question_ref_063a96dd24405ffd116f143b77f02584d27087fb1b57931761ee08be0921976d</fieldentry>
            </qtimetadatafield>
          </qtimetadata>
        </itemmetadata>
        <presentation>
          <material>
            <mattext texttype="text/html">&lt;p&gt;Which of the following are programming languages? (Select all that apply)&lt;/p&gt;</mattext>
          </material>
          <response_lid ident="response1" rcardinality="Multiple">
            <render_choice>
              <response_label ident="text2qti_choice_4f3ee56bb7b357a9348d4eb01b22b1f0a40b278a0937133fb3aa872610bb892f">
                <material>
                  <mattext texttype="text/html">&lt;p&gt;Python&lt;/p&gt;</mattext>
                </material>
              </response_label>
              <response_label ident="text2qti_choice_a624de1778f9674479cc78d43ccb117445dbae22a61fd2079a3eee0fa9433dba">
                <material>
                  <mattext texttype="text/html">&lt;p&gt;JavaScript&lt;/p&gt;</mattext>
                </material>
              </response_label>
              <response_label ident="text2qti_choice_1d7dde6dded61b18e7745cc6b2b372dd9d0fc14aa3ea914fc99d5e3701628214">
                <material>
                  <mattext texttype="text/html">&lt;p&gt;HTML&lt;/p&gt;</mattext>
                </material>
              </response_label>
              <response_label ident="text2qti_choice_45b2639c2a1c5c725e450ba2ce9060c1ab732de3cf862dbbc074af4c3fb08f60">
                <material>
                  <mattext texttype="text/html">&lt;p&gt;CSS&lt;/p&gt;</mattext>
                </material>
              </response_label>
            </render_choice>
          </response_lid>
        </presentation>
        <resprocessing>
          <outcomes>
            <decvar maxvalue="100" minvalue="0" varname="SCORE" vartype="Decimal"/>
          </outcomes>
          <respcondition continue="No">
            <conditionvar>
              <and>
                <varequal respident="response1">text2qti_choice_4f3ee56bb7b357a9348d4eb01b22b1f0a40b278a0937133fb3aa872610bb892f</varequal>
                <varequal respident="response1">text2qti_choice_a624de1778f9674479cc78d43ccb117445dbae22a61fd2079a3eee0fa9433dba</varequal>
                <not>
                  <varequal respident="response1">text2qti_choice_1d7dde6dded61b18e7745cc6b2b372dd9d0fc14aa3ea914fc99d5e3701628214</varequal>
                </not>
                <not>
                  <varequal respident="response1">text2qti_choice_45b2639c2a1c5c725e450ba2ce9060c1ab732de3cf862dbbc074af4c3fb08f60</varequal>
                </not>
              </and>
            </conditionvar>
            <setvar action="Set" varname="SCORE">100</setvar>
          </respcondition>
        </resprocessing>
      </item>
      <item ident="text2qti_question_034274f6307b8bd362e469575b86dd5be77ae46ed2026025723a7708e51433a2" title="Question">
        <itemmetadata>
          <qtimetadata>
            <qtimetadatafield>
              <fieldlabel>question_type</fieldlabel>
              <fieldentry>multiple_choice_question</fieldentry>
            </qtimetadatafield>
            <qtimetadatafield>
              <fieldlabel>points_possible</fieldlabel>
              <fieldentry>1</fieldentry>
            </qtimetadatafield>
            <qtimetadatafield>
              <fieldlabel>original_answer_ids</fieldlabel>
              <fieldentry>text2qti_choice_0bb2fa4075e242209a77ceb3c34ff4912dc339813c8d7be7e309f566c8cbebd8,text2qti_choice_7da92c597aa3352c888fa12f343cfc3e822c02b238689197919dc6205478b5aa,text2qti_choice_5861dffc0af3bf1bb78acae87d26d62c6db2cb884ab40e8e330a6ea0a0ecadf7,text2qti_choice_d63246050194064e6e072567193c74f53c46e019f06fbc5946c3d500a1fed59d</fieldentry>
            </qtimetadatafield>
            <qtimetadatafield>
              <fieldlabel>assessment_question_identifierref</fieldlabel>
              <fieldentry>text2qti_question_ref_034274f6307b8bd362e469575b86dd5be77ae46ed2026025723a7708e51433a2</fieldentry>
            </qtimetadatafield>
          </qtimetadata>
        </itemmetadata>
        <presentation>
          <material>
            <mattext texttype="text/html">&lt;p&gt;What is the largest planet in our solar system?&lt;/p&gt;</mattext>
          </material>
          <response_lid ident="response1" rcardinality="Single">
            <render_choice>
              <response_label ident="text2qti_choice_0bb2fa4075e242209a77ceb3c34ff4912dc339813c8d7be7e309f566c8cbebd8">
                <material>
                  <mattext texttype="text/html">&lt;p&gt;Earth&lt;/p&gt;</mattext>
                </material>
              </response_label>
              <response_label ident="text2qti_choice_7da92c597aa3352c888fa12f343cfc3e822c02b238689197919dc6205478b5aa">
                <material>
                  <mattext texttype="text/html">&lt;p&gt;Mars&lt;/p&gt;</mattext>
                </material>
              </response_label>
              <response_label ident="text2qti_choice_5861dffc0af3bf1bb78acae87d26d62c6db2cb884ab40e8e330a6ea0a0ecadf7">
                <material>
                  <mattext texttype="text/html">&lt;p&gt;Jupiter&lt;/p&gt;</mattext>
                </material>
              </response_label>
              <response_label ident="text2qti_choice_d63246050194064e6e072567193c74f53c46e019f06fbc5946c3d500a1fed59d">
                <material>
                  <mattext texttype="text/html">&lt;p&gt;Saturn&lt;/p&gt;</mattext>
                </material>
              </response_label>
            </render_choice>
          </response_lid>
        </presentation>
        <resprocessing>
          <outcomes>
            <decvar maxvalue="100" minvalue="0" varname="SCORE" vartype="Decimal"/>
          </outcomes>
          <respcondition continue="No">
            <conditionvar>
              <varequal respident="response1">text2qti_choice_5861dffc0af3bf1bb78acae87d26d62c6db2cb884ab40e8e330a6ea0a0ecadf7</varequal>
            </conditionvar>
            <setvar action="Set" varname="SCORE">100</setvar>
          </respcondition>
        </resprocessing>
      </item>
      <item ident="text2qti_question_bc676da85fa26f54db73ec666ac7f30ea6b94809349e38991951b2f9a9d2aa62" title="Question">
        <itemmetadata>
          <qtimetadata>
            <qtimetadatafield>
              <fieldlabel>question_type</fieldlabel>
              <fieldentry>multiple_choice_question</fieldentry>
            </qtimetadatafield>
            <qtimetadatafield>
              <fieldlabel>points_possible</fieldlabel>
              <fieldentry>1</fieldentry>
            </qtimetadatafield>
            <qtimetadatafield>
              <fieldlabel>original_answer_ids</fieldlabel>
              <fieldentry>text2qti_choice_e1cb7511a75959ee01a117db4f1df96ae911e143a1472a4222482250a24c9784,text2qti_choice_e425f16c62fb84f8ff07cce54203afc80a66f312df0d835e3a4c4eee39f5915d,text2qti_choice_bdb49dc96ab68eefefbf4a8d14865506a708c177bf6e4e921cb8f04b3e9d2386,text2qti_choice_48896d5a5dea03bf94e79811f33d56e88d92b970ea6c3dc96d7517e3161ee5a4</fieldentry>
            </qtimetadatafield>
            <qtimetadatafield>
              <fieldlabel>assessment_question_identifierref</fieldlabel>
              <fieldentry>text2qti_question_ref_bc676da85fa26f54db73ec666ac7f30ea6b94809349e38991951b2f9a9d2aa62</fieldentry>
            </qtimetadatafield>
          </qtimetadata>
        </itemmetadata>
        <presentation>
          <material>
            <mattext texttype="text/html">&lt;p&gt;Which data structure uses LIFO (Last In, First Out)?&lt;/p&gt;</mattext>
          </material>
          <response_lid ident="response1" rcardinality="Single">
            <render_choice>
              <response_label ident="text2qti_choice_e1cb7511a75959ee01a117db4f1df96ae911e143a1472a4222482250a24c9784">
                <material>
                  <mattext texttype="text/html">&lt;p&gt;Stack&lt;/p&gt;</mattext>
                </material>
              </response_label>
              <response_label ident="text2qti_choice_e425f16c62fb84f8ff07cce54203afc80a66f312df0d835e3a4c4eee39f5915d">
                <material>
                  <mattext texttype="text/html">&lt;p&gt;Queue&lt;/p&gt;</mattext>
                </material>
              </response_label>
              <response_label ident="text2qti_choice_bdb49dc96ab68eefefbf4a8d14865506a708c177bf6e4e921cb8f04b3e9d2386">
                <material>
                  <mattext texttype="text/html">&lt;p&gt;Linked List&lt;/p&gt;</mattext>
                </material>
              </response_label>
              <response_label ident="text2qti_choice_48896d5a5dea03bf94e79811f33d56e88d92b970ea6c3dc96d7517e3161ee5a4">
                <material>
                  <mattext texttype="text/html">&lt;p&gt;Hash Table&lt;/p&gt;</mattext>
                </material>
              </response_label>
            </render_choice>
          </response_lid>
        </presentation>
        <resprocessing>
          <outcomes>
            <decvar maxvalue="100" minvalue="0" varname="SCORE" vartype="Decimal"/>
          </outcomes>
          <respcondition continue="No">
            <conditionvar>
              <varequal respident="response1">text2qti_choice_e1cb7511a75959ee01a117db4f1df96ae911e143a1472a4222482250a24c9784</varequal>
            </conditionvar>
            <setvar action="Set" varname="SCORE">100</setvar>
          </respcondition>
        </resprocessing>
      </item>
      <item ident="text2qti_question_16260bd5e0af78cab610527dbef3ff0c92a069c5ef8d6f246a025fa4cc89fd8f" title="Question">
        <itemmetadata>
          <qtimetadata>
            <qtimetadatafield>
              <fieldlabel>question_type</fieldlabel>
              <fieldentry>multiple_choice_question</fieldentry>
            </qtimetadatafield>
            <qtimetadatafield>
              <fieldlabel>points_possible</fieldlabel>
              <fieldentry>1</fieldentry>
            </qtimetadatafield>
            <qtimetadatafield>
              <fieldlabel>original_answer_ids</fieldlabel>
              <fieldentry>text2qti_choice_7bdce517580ed03ebade992f34096252e29312d7b13c66a57ee333cd1ad33b22,text2qti_choice_96aaca0c3439bfbc9b2679c2cc1dea55c4b7e490c9d5a8c646a0ac2ec643b253,text2qti_choice_9d90af682f367801e2611e1235e6a23bd817f8a019a05aeab1d49b617981350d,text2qti_choice_73ae80da942958d0f73dc3586f1bacc7b868322d581963d262ed8c8845817c4b</fieldentry>
            </qtimetadatafield>
            <qtimetadatafield>
              <fieldlabel>assessment_question_identifierref</fieldlabel>
              <fieldentry>text2qti_question_ref_16260bd5e0af78cab610527dbef3ff0c92a069c5ef8d6f246a025fa4cc89fd8f</fieldentry>
            </qtimetadatafield>
          </qtimetadata>
        </itemmetadata>
        <presentation>
          <material>
            <mattext texttype="text/html">&lt;p&gt;What is the chemical symbol for gold?&lt;/p&gt;</mattext>
          </material>
          <response_lid ident="response1" rcardinality="Single">
            <render_choice>
              <response_label ident="text2qti_choice_7bdce517580ed03ebade992f34096252e29312d7b13c66a57ee333cd1ad33b22">
                <material>
                  <mattext texttype="text/html">&lt;p&gt;Ag&lt;/p&gt;</mattext>
                </material>
              </response_label>
              <response_label ident="text2qti_choice_96aaca0c3439bfbc9b2679c2cc1dea55c4b7e490c9d5a8c646a0ac2ec643b253">
                <material>
                  <mattext texttype="text/html">&lt;p&gt;Fe&lt;/p&gt;</mattext>
                </material>
              </response_label>
              <response_label ident="text2qti_choice_9d90af682f367801e2611e1235e6a23bd817f8a019a05aeab1d49b617981350d">
                <material>
                  <mattext texttype="text/html">&lt;p&gt;Au&lt;/p&gt;</mattext>
                </material>
              </response_label>
              <response_label ident="text2qti_choice_73ae80da942958d0f73dc3586f1bacc7b868322d581963d262ed8c8845817c4b">
                <material>
                  <mattext texttype="text/html">&lt;p&gt;Pb&lt;/p&gt;</mattext>
                </material>
              </response_label>
            </render_choice>
          </response_lid>
        </presentation>
        <resprocessing>
          <outcomes>
            <decvar maxvalue="100" minvalue="0" varname="SCORE" vartype="Decimal"/>
          </outcomes>
          <respcondition continue="No">
            <conditionvar>
              <varequal respident="response1">text2qti_choice_9d90af682f367801e2611e1235e6a23bd817f8a019a05aeab1d49b617981350d</varequal>
            </conditionvar>
            <setvar action="Set" varname="SCORE">100</setvar>
          </respcondition>
        </resprocessing>
      </item>
      <item ident="text2qti_question_9bd57e8939c7183a440cc29145005d168f14f36fcd6e6fabef78c6ba769c5fdd" title="Question">
        <itemmetadata>
          <qtimetadata>
            <qtimetadatafield>
              <fieldlabel>question_type</fieldlabel>
              <fieldentry>multiple_answers_question</fieldentry>
            </qtimetadatafield>
            <qtimetadatafield>
              <fieldlabel>points_possible</fieldlabel>
              <fieldentry>1</fieldentry>
            </qtimetadatafield>
            <qtimetadatafield>
              <fieldlabel>original_answer_ids</fieldlabel>
              <fieldentry>text2qti_choice_152f1e489d74c090257f97f2c4ddf8c4201f7119369046bdd0f2fa98802838df,text2qti_choice_3d734c1e943951ec91fdd24a142b3ca7e53053b66c5fd618810bfd86eb8fe9b0,text2qti_choice_9b315432efb56d8c13b8157cf1c3b28965ecd8c64c66e239c1907e198bf6f431,text2qti_choice_429d570d4517a08e028d004cf24618d118ec37433eef4e2cc53b511c3156a3be</fieldentry>
            </qtimetadatafield>
            <qtimetadatafield>
              <fieldlabel>assessment_question_identifierref</fieldlabel>
              <fieldentry>text2qti_question_ref_9bd57e8939c7183a440cc29145005d168f14f36fcd6e6fabef78c6ba769c5fdd</fieldentry>
            </qtimetadatafield>
          </qtimetadata>
        </itemmetadata>
        <presentation>
          <material>
            <mattext texttype="text/html">&lt;p&gt;Which of these are types of databases? (Select all that apply)&lt;/p&gt;</mattext>
          </material>
          <response_lid ident="response1" rcardinality="Multiple">
            <render_choice>
              <response_label ident="text2qti_choice_152f1e489d74c090257f97f2c4ddf8c4201f7119369046bdd0f2fa98802838df">
                <material>
                  <mattext texttype="text/html">&lt;p&gt;Relational&lt;/p&gt;</mattext>
                </material>
              </response_label>
              <response_label ident="text2qti_choice_3d734c1e943951ec91fdd24a142b3ca7e53053b66c5fd618810bfd86eb8fe9b0">
                <material>
                  <mattext texttype="text/html">&lt;p&gt;NoSQL&lt;/p&gt;</mattext>
                </material>
              </response_label>
              <response_label ident="text2qti_choice_9b315432efb56d8c13b8157cf1c3b28965ecd8c64c66e239c1907e198bf6f431">
                <material>
                  <mattext texttype="text/html">&lt;p&gt;HTTP&lt;/p&gt;</mattext>
                </material>
              </response_label>
              <response_label ident="text2qti_choice_429d570d4517a08e028d004cf24618d118ec37433eef4e2cc53b511c3156a3be">
                <material>
                  <mattext texttype="text/html">&lt;p&gt;JSON&lt;/p&gt;</mattext>
                </material>
              </response_label>
            </render_choice>
          </response_lid>
        </presentation>
        <resprocessing>
          <outcomes>
            <decvar maxvalue="100" minvalue="0" varname="SCORE" vartype="Decimal"/>
          </outcomes>
          <respcondition continue="No">
            <conditionvar>
              <and>
                <varequal respident="response1">text2qti_choice_152f1e489d74c090257f97f2c4ddf8c4201f7119369046bdd0f2fa98802838df</varequal>
                <varequal respident="response1">text2qti_choice_3d734c1e943951ec91fdd24a142b3ca7e53053b66c5fd618810bfd86eb8fe9b0</varequal>
                <not>
                  <varequal respident="response1">text2qti_choice_9b315432efb56d8c13b8157cf1c3b28965ecd8c64c66e239c1907e198bf6f431</varequal>
                </not>
                <not>
                  <varequal respident="response1">text2qti_choice_429d570d4517a08e028d004cf24618d118ec37433eef4e2cc53b511c3156a3be</varequal>
                </not>
              </and>
            </conditionvar>
            <setvar action="Set" varname="SCORE">100</setvar>
          </respcondition>
        </resprocessing>
      </item>
      <item ident="text2qti_question_503c636ea480547dfe19e42ba44d597861d89b732831cbd062ef3519b9acfd33" title="Question">
        <itemmetadata>
          <qtimetadata>
            <qtimetadatafield>
              <fieldlabel>question_type</fieldlabel>
              <fieldentry>multiple_choice_question</fieldentry>
            </qtimetadatafield>
            <qtimetadatafield>
              <fieldlabel>points_possible</fieldlabel>
              <fieldentry>1</fieldentry>
            </qtimetadatafield>
            <qtimetadatafield>
              <fieldlabel>original_answer_ids</fieldlabel>
              <fieldentry>text2qti_choice_ac82409df12848a29e08d760aaf99a88110d12706c2b8139614269c6cc028e53,text2qti_choice_691a6cb36a0fa8260c40a2ee3badc1c95cb2e5267454adf6caf6126ae00269ad,text2qti_choice_ba8049964a6289d6ec638b3c8422864cf29542aa57ba1651a0b9fef0cf5e2223,text2qti_choice_5dc61a5429388120e620491f6448b00eb26a255dd5241c948ad499f0c344cd42</fieldentry>
            </qtimetadatafield>
            <qtimetadatafield>
              <fieldlabel>assessment_question_identifierref</fieldlabel>
              <fieldentry>text2qti_question_ref_503c636ea480547dfe19e42ba44d597861d89b732831cbd062ef3519b9acfd33</fieldentry>
            </qtimetadatafield>
          </qtimetadata>
        </itemmetadata>
        <presentation>
          <material>
            <mattext texttype="text/html">&lt;p&gt;Who wrote &amp;ldquo;To Kill a Mockingbird&amp;rdquo;?&lt;/p&gt;</mattext>
          </material>
          <response_lid ident="response1" rcardinality="Single">
            <render_choice>
              <response_label ident="text2qti_choice_ac82409df12848a29e08d760aaf99a88110d12706c2b8139614269c6cc028e53">
                <material>
                  <mattext texttype="text/html">&lt;p&gt;J.K. Rowling&lt;/p&gt;</mattext>
                </material>
              </response_label>
              <response_label ident="text2qti_choice_691a6cb36a0fa8260c40a2ee3badc1c95cb2e5267454adf6caf6126ae00269ad">
                <material>
                  <mattext texttype="text/html">&lt;p&gt;Harper Lee&lt;/p&gt;</mattext>
                </material>
              </response_label>
              <response_label ident="text2qti_choice_ba8049964a6289d6ec638b3c8422864cf29542aa57ba1651a0b9fef0cf5e2223">
                <material>
                  <mattext texttype="text/html">&lt;p&gt;Ernest Hemingway&lt;/p&gt;</mattext>
                </material>
              </response_label>
              <response_label ident="text2qti_choice_5dc61a5429388120e620491f6448b00eb26a255dd5241c948ad499f0c344cd42">
                <material>
                  <mattext texttype="text/html">&lt;p&gt;Jane Austen&lt;/p&gt;</mattext>
                </material>
              </response_label>
            </render_choice>
          </response_lid>
        </presentation>
        <resprocessing>
          <outcomes>
            <decvar maxvalue="100" minvalue="0" varname="SCORE" vartype="Decimal"/>
          </outcomes>
          <respcondition continue="No">
            <conditionvar>
              <varequal respident="response1">text2qti_choice_691a6cb36a0fa8260c40a2ee3badc1c95cb2e5267454adf6caf6126ae00269ad</varequal>
            </conditionvar>
            <setvar action="Set" varname="SCORE">100</setvar>
          </respcondition>
        </resprocessing>
      </item>
      <item ident="text2qti_question_85a8af81ed7d2158bfb58a3c00e4b21f4669e89f0ef5a53f2fe35f2bf93b9c5a" title="Question">
        <itemmetadata>
          <qtimetadata>
            <qtimetadatafield>
              <fieldlabel>question_type</fieldlabel>
              <fieldentry>multiple_choice_question</fieldentry>
            </qtimetadatafield>
            <qtimetadatafield>
              <fieldlabel>points_possible</fieldlabel>
              <fieldentry>1</fieldentry>
            </qtimetadatafield>
            <qtimetadatafield>
              <fieldlabel>original_answer_ids</fieldlabel>
              <fieldentry>text2qti_choice_fd63671bdb1b99af890c066b5a6df7c77e051884fb74c25fe280580b64be11b5,text2qti_choice_6390a92c686327e5522761dddeee40c559ffe2579cd65fdd267cf7139b0b61e5,text2qti_choice_9d9983fd1dea2088621d01adc3a2b7e007d4d3a01d2d5678b17e8d8d20228c33,text2qti_choice_2d54393ef7ca88fc1b936b8f65d1bd9a6d2c6278ccd5352af846cb5493bc1f3b</fieldentry>
            </qtimetadatafield>
            <qtimetadatafield>
              <fieldlabel>assessment_question_identifierref</fieldlabel>
              <fieldentry>text2qti_question_ref_85a8af81ed7d2158bfb58a3c00e4b21f4669e89f0ef5a53f2fe35f2bf93b9c5a</fieldentry>
            </qtimetadatafield>
          </qtimetadata>
        </itemmetadata>
        <presentation>
          <material>
            <mattext texttype="text/html">&lt;p&gt;What is the speed of light in vacuum?&lt;/p&gt;</mattext>
          </material>
          <response_lid ident="response1" rcardinality="Single">
            <render_choice>
              <response_label ident="text2qti_choice_fd63671bdb1b99af890c066b5a6df7c77e051884fb74c25fe280580b64be11b5">
                <material>
                  <mattext texttype="text/html">&lt;p&gt;100,000 km/s&lt;/p&gt;</mattext>
                </material>
              </response_label>
              <response_label ident="text2qti_choice_6390a92c686327e5522761dddeee40c559ffe2579cd65fdd267cf7139b0b61e5">
                <material>
                  <mattext texttype="text/html">&lt;p&gt;200,000 km/s&lt;/p&gt;</mattext>
                </material>
              </response_label>
              <response_label ident="text2qti_choice_9d9983fd1dea2088621d01adc3a2b7e007d4d3a01d2d5678b17e8d8d20228c33">
                <material>
                  <mattext texttype="text/html">&lt;p&gt;299,792 km/s&lt;/p&gt;</mattext>
                </material>
              </response_label>
              <response_label ident="text2qti_choice_2d54393ef7ca88fc1b936b8f65d1bd9a6d2c6278ccd5352af846cb5493bc1f3b">
                <material>
                  <mattext texttype="text/html">&lt;p&gt;400,000 km/s&lt;/p&gt;</mattext>
                </material>
              </response_label>
            </render_choice>
          </response_lid>
        </presentation>
        <resprocessing>
          <outcomes>
            <decvar maxvalue="100" minvalue="0" varname="SCORE" vartype="Decimal"/>
          </outcomes>
          <respcondition continue="No">
            <conditionvar>
              <varequal respident="response1">text2qti_choice_9d9983fd1dea2088621d01adc3a2b7e007d4d3a01d2d5678b17e8d8d20228c33</varequal>
            </conditionvar>
            <setvar action="Set" varname="SCORE">100</setvar>
          </respcondition>
        </resprocessing>
      </item>
      <item ident="text2qti_question_48faf4adbd4f1b5650a958863cafc4ffb40b030be30a3e4957fb441b7b434964" title="Question">
        <itemmetadata>
          <qtimetadata>
            <qtimetadatafield>
              <fieldlabel>question_type</fieldlabel>
              <fieldentry>multiple_answers_question</fieldentry>
            </qtimetadatafield>
            <qtimetadatafield>
              <fieldlabel>points_possible</fieldlabel>
              <fieldentry>1</fieldentry>
            </qtimetadatafield>
            <qtimetadatafield>
              <fieldlabel>original_answer_ids</fieldlabel>
              <fieldentry>text2qti_choice_ebd906cd7fad1dd79084002fb2d83b83fb5e5c2d517f8c03289be692dbd7d379,text2qti_choice_4d755b94f1ffe31702252e8b5c719ddae67e9229802e491a32c075c869483194,text2qti_choice_c7613c5423777e63c583548d20466def5505a4afcd5fe7f18a88d68a08ad4ad7,text2qti_choice_b13263f2483de166f565faf63d90a28da189ebdf14830bb3eed20a3b958577fa</fieldentry>
            </qtimetadatafield>
            <qtimetadatafield>
              <fieldlabel>assessment_question_identifierref</fieldlabel>
              <fieldentry>text2qti_question_ref_48faf4adbd4f1b5650a958863cafc4ffb40b030be30a3e4957fb441b7b434964</fieldentry>
            </qtimetadatafield>
          </qtimetadata>
        </itemmetadata>
        <presentation>
          <material>
            <mattext texttype="text/html">&lt;p&gt;Which of the following are considered object-oriented programming languages? (Select all that apply)&lt;/p&gt;</mattext>
          </material>
          <response_lid ident="response1" rcardinality="Multiple">
            <render_choice>
              <response_label ident="text2qti_choice_ebd906cd7fad1dd79084002fb2d83b83fb5e5c2d517f8c03289be692dbd7d379">
                <material>
                  <mattext texttype="text/html">&lt;p&gt;Java&lt;/p&gt;</mattext>
                </material>
              </response_label>
              <response_label ident="text2qti_choice_4d755b94f1ffe31702252e8b5c719ddae67e9229802e491a32c075c869483194">
                <material>
                  <mattext texttype="text/html">&lt;p&gt;C++&lt;/p&gt;</mattext>
                </material>
              </response_label>
              <response_label ident="text2qti_choice_c7613c5423777e63c583548d20466def5505a4afcd5fe7f18a88d68a08ad4ad7">
                <material>
                  <mattext texttype="text/html">&lt;p&gt;Python&lt;/p&gt;</mattext>
                </material>
              </response_label>
              <response_label ident="text2qti_choice_b13263f2483de166f565faf63d90a28da189ebdf14830bb3eed20a3b958577fa">
                <material>
                  <mattext texttype="text/html">&lt;p&gt;HTML&lt;/p&gt;</mattext>
                </material>
              </response_label>
            </render_choice>
          </response_lid>
        </presentation>
        <resprocessing>
          <outcomes>
            <decvar maxvalue="100" minvalue="0" varname="SCORE" vartype="Decimal"/>
          </outcomes>
          <respcondition continue="No">
            <conditionvar>
              <and>
                <varequal respident="response1">text2qti_choice_ebd906cd7fad1dd79084002fb2d83b83fb5e5c2d517f8c03289be692dbd7d379</varequal>
                <varequal respident="response1">text2qti_choice_4d755b94f1ffe31702252e8b5c719ddae67e9229802e491a32c075c869483194</varequal>
                <varequal respident="response1">text2qti_choice_c7613c5423777e63c583548d20466def5505a4afcd5fe7f18a88d68a08ad4ad7</varequal>
                <not>
                  <varequal respident="response1">text2qti_choice_b13263f2483de166f565faf63d90a28da189ebdf14830bb3eed20a3b958577fa</varequal>
                </not>
              </and>
            </conditionvar>
            <setvar action="Set" varname="SCORE">100</setvar>
          </respcondition>
        </resprocessing>
      </item>
      <item ident="text2qti_question_170ab7872a95549f2aef93436024897b0d07f6860f78e50866035d7c0abc04d9" title="Question">
        <itemmetadata>
          <qtimetadata>
            <qtimetadatafield>
              <fieldlabel>question_type</fieldlabel>
              <fieldentry>multiple_choice_question</fieldentry>
            </qtimetadatafield>
            <qtimetadatafield>
              <fieldlabel>points_possible</fieldlabel>
              <fieldentry>1</fieldentry>
            </qtimetadatafield>
            <qtimetadatafield>
              <fieldlabel>original_answer_ids</fieldlabel>
              <fieldentry>text2qti_choice_1fc9fdabef403892459a2a03b4743a72690edf7b147688931fd34ce4daee0b6a,text2qti_choice_3f02053a4dd63b69967ec4aea17d2e89b8401d16e312af2da1d76a27e66cfed1,text2qti_choice_5fe0cd7e3e3c741eeafb569052cdfb8fdfba5051f1cb0b059e6ed1572126b8a8,text2qti_choice_402332188915e7493bf38203513c78a2074a5662bd5118ef4fc43280a955dd7f</fieldentry>
            </qtimetadatafield>
            <qtimetadatafield>
              <fieldlabel>assessment_question_identifierref</fieldlabel>
              <fieldentry>text2qti_question_ref_170ab7872a95549f2aef93436024897b0d07f6860f78e50866035d7c0abc04d9</fieldentry>
            </qtimetadatafield>
          </qtimetadata>
        </itemmetadata>
        <presentation>
          <material>
            <mattext texttype="text/html">&lt;p&gt;What is the smallest prime number?&lt;/p&gt;</mattext>
          </material>
          <response_lid ident="response1" rcardinality="Single">
            <render_choice>
              <response_label ident="text2qti_choice_1fc9fdabef403892459a2a03b4743a72690edf7b147688931fd34ce4daee0b6a">
                <material>
                  <mattext texttype="text/html">&lt;p&gt;2&lt;/p&gt;</mattext>
                </material>
              </response_label>
              <response_label ident="text2qti_choice_3f02053a4dd63b69967ec4aea17d2e89b8401d16e312af2da1d76a27e66cfed1">
                <material>
                  <mattext texttype="text/html">&lt;p&gt;3&lt;/p&gt;</mattext>
                </material>
              </response_label>
              <response_label ident="text2qti_choice_5fe0cd7e3e3c741eeafb569052cdfb8fdfba5051f1cb0b059e6ed1572126b8a8">
                <material>
                  <mattext texttype="text/html">&lt;p&gt;5&lt;/p&gt;</mattext>
                </material>
              </response_label>
              <response_label ident="text2qti_choice_402332188915e7493bf38203513c78a2074a5662bd5118ef4fc43280a955dd7f">
                <material>
                  <mattext texttype="text/html">&lt;p&gt;1&lt;/p&gt;</mattext>
                </material>
              </response_label>
            </render_choice>
          </response_lid>
        </presentation>
        <resprocessing>
          <outcomes>
            <decvar maxvalue="100" minvalue="0" varname="SCORE" vartype="Decimal"/>
          </outcomes>
          <respcondition continue="No">
            <conditionvar>
              <varequal respident="response1">text2qti_choice_1fc9fdabef403892459a2a03b4743a72690edf7b147688931fd34ce4daee0b6a</varequal>
            </conditionvar>
            <setvar action="Set" varname="SCORE">100</setvar>
          </respcondition>
        </resprocessing>
      </item>
      <item ident="text2qti_question_d0b3269dfccd93f8fa6a1203576a9b1e41149f55530533aad7478d0012597304" title="Question">
        <itemmetadata>
          <qtimetadata>
            <qtimetadatafield>
              <fieldlabel>question_type</fieldlabel>
              <fieldentry>multiple_answers_question</fieldentry>
            </qtimetadatafield>
            <qtimetadatafield>
              <fieldlabel>points_possible</fieldlabel>
              <fieldentry>1</fieldentry>
            </qtimetadatafield>
            <qtimetadatafield>
              <fieldlabel>original_answer_ids</fieldlabel>
              <fieldentry>text2qti_choice_35568c963c6f1f5804c9725790837bddb81ea945becc5d346f27bdde62b1a3a6,text2qti_choice_c637f3e0f3295ed016105547e35a1dcbee23009e6f4993cc646b735282dd0f75,text2qti_choice_6b8b6100c0af9ed72081ed176253a371e98ec613d16cf8ac740971435697a51b,text2qti_choice_252ca314a5fe7e422d71ba3756b2ce36ce137b827da8fbe27065a62796c2dc92</fieldentry>
            </qtimetadatafield>
            <qtimetadatafield>
              <fieldlabel>assessment_question_identifierref</fieldlabel>
              <fieldentry>text2qti_question_ref_d0b3269dfccd93f8fa6a1203576a9b1e41149f55530533aad7478d0012597304</fieldentry>
            </qtimetadatafield>
          </qtimetadata>
        </itemmetadata>
        <presentation>
          <material>
            <mattext texttype="text/html">&lt;p&gt;Which of the following animals are mammals? (Select all that apply)&lt;/p&gt;</mattext>
          </material>
          <response_lid ident="response1" rcardinality="Multiple">
            <render_choice>
              <response_label ident="text2qti_choice_35568c963c6f1f5804c9725790837bddb81ea945becc5d346f27bdde62b1a3a6">
                <material>
                  <mattext texttype="text/html">&lt;p&gt;Elephant&lt;/p&gt;</mattext>
                </material>
              </response_label>
              <response_label ident="text2qti_choice_c637f3e0f3295ed016105547e35a1dcbee23009e6f4993cc646b735282dd0f75">
                <material>
                  <mattext texttype="text/html">&lt;p&gt;Dolphin&lt;/p&gt;</mattext>
                </material>
              </response_label>
              <response_label ident="text2qti_choice_6b8b6100c0af9ed72081ed176253a371e98ec613d16cf8ac740971435697a51b">
                <material>
                  <mattext texttype="text/html">&lt;p&gt;Crocodile&lt;/p&gt;</mattext>
                </material>
              </response_label>
              <response_label ident="text2qti_choice_252ca314a5fe7e422d71ba3756b2ce36ce137b827da8fbe27065a62796c2dc92">
                <material>
                  <mattext texttype="text/html">&lt;p&gt;Penguin&lt;/p&gt;</mattext>
                </material>
              </response_label>
            </render_choice>
          </response_lid>
        </presentation>
        <resprocessing>
          <outcomes>
            <decvar maxvalue="100" minvalue="0" varname="SCORE" vartype="Decimal"/>
          </outcomes>
          <respcondition continue="No">
            <conditionvar>
              <and>
                <varequal respident="response1">text2qti_choice_35568c963c6f1f5804c9725790837bddb81ea945becc5d346f27bdde62b1a3a6</varequal>
                <varequal respident="response1">text2qti_choice_c637f3e0f3295ed016105547e35a1dcbee23009e6f4993cc646b735282dd0f75</varequal>
                <not>
                  <varequal respident="response1">text2qti_choice_6b8b6100c0af9ed72081ed176253a371e98ec613d16cf8ac740971435697a51b</varequal>
                </not>
                <not>
                  <varequal respident="response1">text2qti_choice_252ca314a5fe7e422d71ba3756b2ce36ce137b827da8fbe27065a62796c2dc92</varequal>
                </not>
              </and>
            </conditionvar>
            <setvar action="Set" varname="SCORE">100</setvar>
          </respcondition>
        </resprocessing>
      </item>
      <item ident="text2qti_question_ce81d5b3f8205f4dcb709fcbc9d1e16d84df99f37e8719353fb8e0c000e05257" title="Question">
        <itemmetadata>
          <qtimetadata>
            <qtimetadatafield>
              <fieldlabel>question_type</fieldlabel>
              <fieldentry>multiple_choice_question</fieldentry>
            </qtimetadatafield>
            <qtimetadatafield>
              <fieldlabel>points_possible</fieldlabel>
              <fieldentry>1</fieldentry>
            </qtimetadatafield>
            <qtimetadatafield>
              <fieldlabel>original_answer_ids</fieldlabel>
              <fieldentry>text2qti_choice_bd4518829ec58e73a3d1b3ff79cd6215d245f4ecef0bade6df419532713c39e6,text2qti_choice_8501266d10c9382fd19b73ded879cf03ec2d578db0aa82482caea23948ad6bc2,text2qti_choice_782da6d1cef4e5dd4615dc57c61ff8631412eec5d9128cf9050631a2ee3b5786,text2qti_choice_0799d703737e509890a2594bc2ff850c996e7e7eb6ded155962781652a2b459f</fieldentry>
            </qtimetadatafield>
            <qtimetadatafield>
              <fieldlabel>assessment_question_identifierref</fieldlabel>
              <fieldentry>text2qti_question_ref_ce81d5b3f8205f4dcb709fcbc9d1e16d84df99f37e8719353fb8e0c000e05257</fieldentry>
            </qtimetadatafield>
          </qtimetadata>
        </itemmetadata>
        <presentation>
          <material>
            <mattext texttype="text/html">&lt;p&gt;What is the process by which plants make their food?&lt;/p&gt;</mattext>
          </material>
          <response_lid ident="response1" rcardinality="Single">
            <render_choice>
              <response_label ident="text2qti_choice_bd4518829ec58e73a3d1b3ff79cd6215d245f4ecef0bade6df419532713c39e6">
                <material>
                  <mattext texttype="text/html">&lt;p&gt;Respiration&lt;/p&gt;</mattext>
                </material>
              </response_label>
              <response_label ident="text2qti_choice_8501266d10c9382fd19b73ded879cf03ec2d578db0aa82482caea23948ad6bc2">
                <material>
                  <mattext texttype="text/html">&lt;p&gt;Fermentation&lt;/p&gt;</mattext>
                </material>
              </response_label>
              <response_label ident="text2qti_choice_782da6d1cef4e5dd4615dc57c61ff8631412eec5d9128cf9050631a2ee3b5786">
                <material>
                  <mattext texttype="text/html">&lt;p&gt;Photosynthesis&lt;/p&gt;</mattext>
                </material>
              </response_label>
              <response_label ident="text2qti_choice_0799d703737e509890a2594bc2ff850c996e7e7eb6ded155962781652a2b459f">
                <material>
                  <mattext texttype="text/html">&lt;p&gt;Digestion&lt;/p&gt;</mattext>
                </material>
              </response_label>
            </render_choice>
          </response_lid>
        </presentation>
        <resprocessing>
          <outcomes>
            <decvar maxvalue="100" minvalue="0" varname="SCORE" vartype="Decimal"/>
          </outcomes>
          <respcondition continue="No">
            <conditionvar>
              <varequal respident="response1">text2qti_choice_782da6d1cef4e5dd4615dc57c61ff8631412eec5d9128cf9050631a2ee3b5786</varequal>
            </conditionvar>
            <setvar action="Set" varname="SCORE">100</setvar>
          </respcondition>
        </resprocessing>
      </item>
      <item ident="text2qti_question_7629f89580e4ccbd79baa1d32d3d7c90c75fa43b819332a669420433f3a6d252" title="Question">
        <itemmetadata>
          <qtimetadata>
            <qtimetadatafield>
              <fieldlabel>question_type</fieldlabel>
              <fieldentry>multiple_choice_question</fieldentry>
            </qtimetadatafield>
            <qtimetadatafield>
              <fieldlabel>points_possible</fieldlabel>
              <fieldentry>1</fieldentry>
            </qtimetadatafield>
            <qtimetadatafield>
              <fieldlabel>original_answer_ids</fieldlabel>
              <fieldentry>text2qti_choice_5f45b6d327d85dfb99cfdb6efc8d038dd313905eb4c28e5d5e020f4e12fce9e9,text2qti_choice_6ce8f1e1fac736196edbf8bdee29c8fb964c23c86e86cb79f56ad0056c1cf68a,text2qti_choice_14122293d8f2159f60e685dc26f3d40fba562cfc442b24298d8bba5fc24bac29,text2qti_choice_2f96de60c564e28af0ffea4cde17d68a554295fcd20adfb2f1f61717e8778526</fieldentry>
            </qtimetadatafield>
            <qtimetadatafield>
              <fieldlabel>assessment_question_identifierref</fieldlabel>
              <fieldentry>text2qti_question_ref_7629f89580e4ccbd79baa1d32d3d7c90c75fa43b819332a669420433f3a6d252</fieldentry>
            </qtimetadatafield>
          </qtimetadata>
        </itemmetadata>
        <presentation>
          <material>
            <mattext texttype="text/html">&lt;p&gt;What is the main ingredient in traditional guacamole?&lt;/p&gt;</mattext>
          </material>
          <response_lid ident="response1" rcardinality="Single">
            <render_choice>
              <response_label ident="text2qti_choice_5f45b6d327d85dfb99cfdb6efc8d038dd313905eb4c28e5d5e020f4e12fce9e9">
                <material>
                  <mattext texttype="text/html">&lt;p&gt;Tomato&lt;/p&gt;</mattext>
                </material>
              </response_label>
              <response_label ident="text2qti_choice_6ce8f1e1fac736196edbf8bdee29c8fb964c23c86e86cb79f56ad0056c1cf68a">
                <material>
                  <mattext texttype="text/html">&lt;p&gt;Onion&lt;/p&gt;</mattext>
                </material>
              </response_label>
              <response_label ident="text2qti_choice_14122293d8f2159f60e685dc26f3d40fba562cfc442b24298d8bba5fc24bac29">
                <material>
                  <mattext texttype="text/html">&lt;p&gt;Avocado&lt;/p&gt;</mattext>
                </material>
              </response_label>
              <response_label ident="text2qti_choice_2f96de60c564e28af0ffea4cde17d68a554295fcd20adfb2f1f61717e8778526">
                <material>
                  <mattext texttype="text/html">&lt;p&gt;Lime&lt;/p&gt;</mattext>
                </material>
              </response_label>
            </render_choice>
          </response_lid>
        </presentation>
        <resprocessing>
          <outcomes>
            <decvar maxvalue="100" minvalue="0" varname="SCORE" vartype="Decimal"/>
          </outcomes>
          <respcondition continue="No">
            <conditionvar>
              <varequal respident="response1">text2qti_choice_14122293d8f2159f60e685dc26f3d40fba562cfc442b24298d8bba5fc24bac29</varequal>
            </conditionvar>
            <setvar action="Set" varname="SCORE">100</setvar>
          </respcondition>
        </resprocessing>
      </item>
      <item ident="text2qti_question_b40c2255632ed55e12d941367bb283ac117be6e4526d6295c8d2eb60936603fd" title="Question">
        <itemmetadata>
          <qtimetadata>
            <qtimetadatafield>
              <fieldlabel>question_type</fieldlabel>
              <fieldentry>multiple_choice_question</fieldentry>
            </qtimetadatafield>
            <qtimetadatafield>
              <fieldlabel>points_possible</fieldlabel>
              <fieldentry>1</fieldentry>
            </qtimetadatafield>
            <qtimetadatafield>
              <fieldlabel>original_answer_ids</fieldlabel>
              <fieldentry>text2qti_choice_5b18b9c89527b300eaa79f489838ed3fd7b8d8e33ea095a01dd2eeb9bba8f565,text2qti_choice_3263ed66b31f89d9775a85b575bc2f77687518bd03678ca74ae8fc204e4b7408,text2qti_choice_7f1e535e433b5cc9276a57f4563e75184e0a8ea1f79b646b13d6384e86b8e856,text2qti_choice_aff227b01c12e28a919e4a063f0f627afac0891b5c90531b115b1ed97c63385d</fieldentry>
            </qtimetadatafield>
            <qtimetadatafield>
              <fieldlabel>assessment_question_identifierref</fieldlabel>
              <fieldentry>text2qti_question_ref_b40c2255632ed55e12d941367bb283ac117be6e4526d6295c8d2eb60936603fd</fieldentry>
            </qtimetadatafield>
          </qtimetadata>
        </itemmetadata>
        <presentation>
          <material>
            <mattext texttype="text/html">&lt;p&gt;Who was the first person to walk on the moon?&lt;/p&gt;</mattext>
          </material>
          <response_lid ident="response1" rcardinality="Single">
            <render_choice>
              <response_label ident="text2qti_choice_5b18b9c89527b300eaa79f489838ed3fd7b8d8e33ea095a01dd2eeb9bba8f565">
                <material>
                  <mattext texttype="text/html">&lt;p&gt;Buzz Aldrin&lt;/p&gt;</mattext>
                </material>
              </response_label>
              <response_label ident="text2qti_choice_3263ed66b31f89d9775a85b575bc2f77687518bd03678ca74ae8fc204e4b7408">
                <material>
                  <mattext texttype="text/html">&lt;p&gt;Yuri Gagarin&lt;/p&gt;</mattext>
                </material>
              </response_label>
              <response_label ident="text2qti_choice_7f1e535e433b5cc9276a57f4563e75184e0a8ea1f79b646b13d6384e86b8e856">
                <material>
                  <mattext texttype="text/html">&lt;p&gt;Neil Armstrong&lt;/p&gt;</mattext>
                </material>
              </response_label>
              <response_label ident="text2qti_choice_aff227b01c12e28a919e4a063f0f627afac0891b5c90531b115b1ed97c63385d">
                <material>
                  <mattext texttype="text/html">&lt;p&gt;John Glenn&lt;/p&gt;</mattext>
                </material>
              </response_label>
            </render_choice>
          </response_lid>
        </presentation>
        <resprocessing>
          <outcomes>
            <decvar maxvalue="100" minvalue="0" varname="SCORE" vartype="Decimal"/>
          </outcomes>
          <respcondition continue="No">
            <conditionvar>
              <varequal respident="response1">text2qti_choice_7f1e535e433b5cc9276a57f4563e75184e0a8ea1f79b646b13d6384e86b8e856</varequal>
            </conditionvar>
            <setvar action="Set" varname="SCORE">100</setvar>
          </respcondition>
        </resprocessing>
      </item>
      <item ident="text2qti_question_6d90af95d9b356141d55dcab0897a3f2d5bcaaaf0cd6b1f53eb47e15a110592a" title="Question">
        <itemmetadata>
          <qtimetadata>
            <qtimetadatafield>
              <fieldlabel>question_type</fieldlabel>
              <fieldentry>multiple_answers_question</fieldentry>
            </qtimetadatafield>
            <qtimetadatafield>
              <fieldlabel>points_possible</fieldlabel>
              <fieldentry>1</fieldentry>
            </qtimetadatafield>
            <qtimetadatafield>
              <fieldlabel>original_answer_ids</fieldlabel>
              <fieldentry>text2qti_choice_ec55f0bf57032bbcb594693fdffa80900414131676392b9baf06fc83910e6d6c,text2qti_choice_4785a6b172a1230953d0cc21e83e0bbf42f5574354f25f91325bf60ca0c64e6f,text2qti_choice_244152927a10794f55ab2719bbb23c49515b52e279801c4a95946cecde4a7894,text2qti_choice_c8b808c119f447d5d5785ee52de5f5d2a7a1f8c73bbbc306dbb1a94da3f8c239</fieldentry>
            </qtimetadatafield>
            <qtimetadatafield>
              <fieldlabel>assessment_question_identifierref</fieldlabel>
              <fieldentry>text2qti_question_ref_6d90af95d9b356141d55dcab0897a3f2d5bcaaaf0cd6b1f53eb47e15a110592a</fieldentry>
            </qtimetadatafield>
          </qtimetadata>
        </itemmetadata>
        <presentation>
          <material>
            <mattext texttype="text/html">&lt;p&gt;Which of these are web development frameworks? (Select all that apply)&lt;/p&gt;</mattext>
          </material>
          <response_lid ident="response1" rcardinality="Multiple">
            <render_choice>
              <response_label ident="text2qti_choice_ec55f0bf57032bbcb594693fdffa80900414131676392b9baf06fc83910e6d6c">
                <material>
                  <mattext texttype="text/html">&lt;p&gt;React&lt;/p&gt;</mattext>
                </material>
              </response_label>
              <response_label ident="text2qti_choice_4785a6b172a1230953d0cc21e83e0bbf42f5574354f25f91325bf60ca0c64e6f">
                <material>
                  <mattext texttype="text/html">&lt;p&gt;Angular&lt;/p&gt;</mattext>
                </material>
              </response_label>
              <response_label ident="text2qti_choice_244152927a10794f55ab2719bbb23c49515b52e279801c4a95946cecde4a7894">
                <material>
                  <mattext texttype="text/html">&lt;p&gt;C++&lt;/p&gt;</mattext>
                </material>
              </response_label>
              <response_label ident="text2qti_choice_c8b808c119f447d5d5785ee52de5f5d2a7a1f8c73bbbc306dbb1a94da3f8c239">
                <material>
                  <mattext texttype="text/html">&lt;p&gt;MySQL&lt;/p&gt;</mattext>
                </material>
              </response_label>
            </render_choice>
          </response_lid>
        </presentation>
        <resprocessing>
          <outcomes>
            <decvar maxvalue="100" minvalue="0" varname="SCORE" vartype="Decimal"/>
          </outcomes>
          <respcondition continue="No">
            <conditionvar>
              <and>
                <varequal respident="response1">text2qti_choice_ec55f0bf57032bbcb594693fdffa80900414131676392b9baf06fc83910e6d6c</varequal>
                <varequal respident="response1">text2qti_choice_4785a6b172a1230953d0cc21e83e0bbf42f5574354f25f91325bf60ca0c64e6f</varequal>
                <not>
                  <varequal respident="response1">text2qti_choice_244152927a10794f55ab2719bbb23c49515b52e279801c4a95946cecde4a7894</varequal>
                </not>
                <not>
                  <varequal respident="response1">text2qti_choice_c8b808c119f447d5d5785ee52de5f5d2a7a1f8c73bbbc306dbb1a94da3f8c239</varequal>
                </not>
              </and>
            </conditionvar>
            <setvar action="Set" varname="SCORE">100</setvar>
          </respcondition>
        </resprocessing>
      </item>
    </section>
  </assessment>
</questestinterop>
