<?xml version="1.0" encoding="UTF-8"?>
<questestinterop xmlns="http://www.imsglobal.org/xsd/ims_qtiasiv1p2" xmlns:xsi="http://www.w3.org/2001/XMLSchema-instance" xsi:schemaLocation="http://www.imsglobal.org/xsd/ims_qtiasiv1p2 http://www.imsglobal.org/xsd/ims_qtiasiv1p2p1.xsd">
  <assessment ident="text2qti_assessment_59ad0b758a1bda8d0c53cab00c6c27f6216310871631753481af60bac1c54556" title="Quiz">
    <qtimetadata>
      <qtimetadatafield>
        <fieldlabel>cc_maxattempts</fieldlabel>
        <fieldentry>1</fieldentry>
      </qtimetadatafield>
    </qtimetadata>
    <section ident="root_section">
      <item ident="text2qti_question_15fe3d15a023503cb45f1fed3fc41754660de7a63ba6497b4e8a6174404eb439" title="Question">
        <itemmetadata>
          <qtimetadata>
            <qtimetadatafield>
              <fieldlabel>question_type</fieldlabel>
              <fieldentry>multiple_answers_question</fieldentry>
            </qtimetadatafield>
            <qtimetadatafield>
              <fieldlabel>points_possible</fieldlabel>
              <fieldentry>1</fieldentry>
            </qtimetadatafield>
            <qtimetadatafield>
              <fieldlabel>original_answer_ids</fieldlabel>
              <fieldentry>text2qti_choice_d59a1865be42f58712bf3a7a8fbe7680c3e62709f28d5ff07d8dbfc99b8fa8d9,text2qti_choice_92721b10e4668f72c0268a90cd86dee5427991758229880c27857855b197d14d,text2qti_choice_ca632b9723456fe692fb3a8e0b92474904879442b135ad0200a400958f3805d4,text2qti_choice_77f0a7a1c1b4d2502d7984555826fc7d23dabbf6f4041bdeb8029a62725d0b64</fieldentry>
            </qtimetadatafield>
            <qtimetadatafield>
              <fieldlabel>assessment_question_identifierref</fieldlabel>
              <fieldentry>text2qti_question_ref_15fe3d15a023503cb45f1fed3fc41754660de7a63ba6497b4e8a6174404eb439</fieldentry>
            </qtimetadatafield>
          </qtimetadata>
        </itemmetadata>
        <presentation>
          <material>
            <mattext texttype="text/html">&lt;p&gt;Which of the following are fields in the TCP header? (Select all that apply)&lt;/p&gt;</mattext>
          </material>
          <response_lid ident="response1" rcardinality="Multiple">
            <render_choice>
              <response_label ident="text2qti_choice_d59a1865be42f58712bf3a7a8fbe7680c3e62709f28d5ff07d8dbfc99b8fa8d9">
                <material>
                  <mattext texttype="text/html">&lt;p&gt;Sequence number&lt;/p&gt;</mattext>
                </material>
              </response_label>
              <response_label ident="text2qti_choice_92721b10e4668f72c0268a90cd86dee5427991758229880c27857855b197d14d">
                <material>
                  <mattext texttype="text/html">&lt;p&gt;Window size&lt;/p&gt;</mattext>
                </material>
              </response_label>
              <response_label ident="text2qti_choice_ca632b9723456fe692fb3a8e0b92474904879442b135ad0200a400958f3805d4">
                <material>
                  <mattext texttype="text/html">&lt;p&gt;MAC address&lt;/p&gt;</mattext>
                </material>
              </response_label>
              <response_label ident="text2qti_choice_77f0a7a1c1b4d2502d7984555826fc7d23dabbf6f4041bdeb8029a62725d0b64">
                <material>
                  <mattext texttype="text/html">&lt;p&gt;File name&lt;/p&gt;</mattext>
                </material>
              </response_label>
            </render_choice>
          </response_lid>
        </presentation>
        <resprocessing>
          <outcomes>
            <decvar maxvalue="100" minvalue="0" varname="SCORE" vartype="Decimal"/>
          </outcomes>
          <respcondition continue="No">
            <conditionvar>
              <and>
                <varequal respident="response1">text2qti_choice_d59a1865be42f58712bf3a7a8fbe7680c3e62709f28d5ff07d8dbfc99b8fa8d9</varequal>
                <varequal respident="response1">text2qti_choice_92721b10e4668f72c0268a90cd86dee5427991758229880c27857855b197d14d</varequal>
                <not>
                  <varequal respident="response1">text2qti_choice_ca632b9723456fe692fb3a8e0b92474904879442b135ad0200a400958f3805d4</varequal>
                </not>
                <not>
                  <varequal respident="response1">text2qti_choice_77f0a7a1c1b4d2502d7984555826fc7d23dabbf6f4041bdeb8029a62725d0b64</varequal>
                </not>
              </and>
            </conditionvar>
            <setvar action="Set" varname="SCORE">100</setvar>
          </respcondition>
        </resprocessing>
      </item>
      <item ident="text2qti_question_a94b21f3edf70ae2174d38bd44ed71f65eab9a5502a8436c9de0862ef024d341" title="Question">
        <itemmetadata>
          <qtimetadata>
            <qtimetadatafield>
              <fieldlabel>question_type</fieldlabel>
              <fieldentry>multiple_choice_question</fieldentry>
            </qtimetadatafield>
            <qtimetadatafield>
              <fieldlabel>points_possible</fieldlabel>
              <fieldentry>1</fieldentry>
            </qtimetadatafield>
            <qtimetadatafield>
              <fieldlabel>original_answer_ids</fieldlabel>
              <fieldentry>text2qti_choice_c133b415046d20973080c52dc738cf78b0b80a90bd4b274729f74bc6e1178019,text2qti_choice_e6a4670b046038147beb4204adda4cf01048ce7b522005212132c9559fbc60c1,text2qti_choice_92722700a1ed686eed1cf7b0850d4e34b52d89f146e65dbad342f72afb332c3d,text2qti_choice_b8c30a9d66fe312c86b7fae1bb8b728f873707cec4727efd0c1494d865dc6b06</fieldentry>
            </qtimetadatafield>
            <qtimetadatafield>
              <fieldlabel>assessment_question_identifierref</fieldlabel>
              <fieldentry>text2qti_question_ref_a94b21f3edf70ae2174d38bd44ed71f65eab9a5502a8436c9de0862ef024d341</fieldentry>
            </qtimetadatafield>
          </qtimetadata>
        </itemmetadata>
        <presentation>
          <material>
            <mattext texttype="text/html">&lt;p&gt;What is the purpose of the three-way handshake in TCP?&lt;/p&gt;</mattext>
          </material>
          <response_lid ident="response1" rcardinality="Single">
            <render_choice>
              <response_label ident="text2qti_choice_c133b415046d20973080c52dc738cf78b0b80a90bd4b274729f74bc6e1178019">
                <material>
                  <mattext texttype="text/html">&lt;p&gt;To encrypt data before transmission&lt;/p&gt;</mattext>
                </material>
              </response_label>
              <response_label ident="text2qti_choice_e6a4670b046038147beb4204adda4cf01048ce7b522005212132c9559fbc60c1">
                <material>
                  <mattext texttype="text/html">&lt;p&gt;To detect network congestion&lt;/p&gt;</mattext>
                </material>
              </response_label>
              <response_label ident="text2qti_choice_92722700a1ed686eed1cf7b0850d4e34b52d89f146e65dbad342f72afb332c3d">
                <material>
                  <mattext texttype="text/html">&lt;p&gt;To establish a reliable connection between client and server&lt;/p&gt;</mattext>
                </material>
              </response_label>
              <response_label ident="text2qti_choice_b8c30a9d66fe312c86b7fae1bb8b728f873707cec4727efd0c1494d865dc6b06">
                <material>
                  <mattext texttype="text/html">&lt;p&gt;To compress packets for efficiency&lt;/p&gt;</mattext>
                </material>
              </response_label>
            </render_choice>
          </response_lid>
        </presentation>
        <resprocessing>
          <outcomes>
            <decvar maxvalue="100" minvalue="0" varname="SCORE" vartype="Decimal"/>
          </outcomes>
          <respcondition continue="No">
            <conditionvar>
              <varequal respident="response1">text2qti_choice_92722700a1ed686eed1cf7b0850d4e34b52d89f146e65dbad342f72afb332c3d</varequal>
            </conditionvar>
            <setvar action="Set" varname="SCORE">100</setvar>
          </respcondition>
        </resprocessing>
      </item>
      <item ident="text2qti_question_e2e9b41731ed9220f5d4d3b3c00f84343249dd243f8516d37a8f5a60940ab971" title="Question">
        <itemmetadata>
          <qtimetadata>
            <qtimetadatafield>
              <fieldlabel>question_type</fieldlabel>
              <fieldentry>true_false_question</fieldentry>
            </qtimetadatafield>
            <qtimetadatafield>
              <fieldlabel>points_possible</fieldlabel>
              <fieldentry>1</fieldentry>
            </qtimetadatafield>
            <qtimetadatafield>
              <fieldlabel>original_answer_ids</fieldlabel>
              <fieldentry>text2qti_choice_370d8285c125b0135b4b2c781995fa6bd5619e44535bdc10b769c2516d96ba98,text2qti_choice_232e0d8e295d30383a27b2893d55dc2c26749d28893a1ee40345cb34a0e5f0a3</fieldentry>
            </qtimetadatafield>
            <qtimetadatafield>
              <fieldlabel>assessment_question_identifierref</fieldlabel>
              <fieldentry>text2qti_question_ref_e2e9b41731ed9220f5d4d3b3c00f84343249dd243f8516d37a8f5a60940ab971</fieldentry>
            </qtimetadatafield>
          </qtimetadata>
        </itemmetadata>
        <presentation>
          <material>
            <mattext texttype="text/html">&lt;p&gt;TCP flow control ensures that a sender does not overwhelm a receiver by sending data too quickly.&lt;/p&gt;</mattext>
          </material>
          <response_lid ident="response1" rcardinality="Single">
            <render_choice>
              <response_label ident="text2qti_choice_370d8285c125b0135b4b2c781995fa6bd5619e44535bdc10b769c2516d96ba98">
                <material>
                  <mattext texttype="text/html">&lt;p&gt;True&lt;/p&gt;</mattext>
                </material>
              </response_label>
              <response_label ident="text2qti_choice_232e0d8e295d30383a27b2893d55dc2c26749d28893a1ee40345cb34a0e5f0a3">
                <material>
                  <mattext texttype="text/html">&lt;p&gt;False&lt;/p&gt;</mattext>
                </material>
              </response_label>
            </render_choice>
          </response_lid>
        </presentation>
        <resprocessing>
          <outcomes>
            <decvar maxvalue="100" minvalue="0" varname="SCORE" vartype="Decimal"/>
          </outcomes>
          <respcondition continue="No">
            <conditionvar>
              <varequal respident="response1">text2qti_choice_370d8285c125b0135b4b2c781995fa6bd5619e44535bdc10b769c2516d96ba98</varequal>
            </conditionvar>
            <setvar action="Set" varname="SCORE">100</setvar>
          </respcondition>
        </resprocessing>
      </item>
      <item ident="text2qti_question_e6136c8eca625caf3f1304c92337f5a57b33dd9158be542fff28456345543b19" title="Question">
        <itemmetadata>
          <qtimetadata>
            <qtimetadatafield>
              <fieldlabel>question_type</fieldlabel>
              <fieldentry>multiple_answers_question</fieldentry>
            </qtimetadatafield>
            <qtimetadatafield>
              <fieldlabel>points_possible</fieldlabel>
              <fieldentry>1</fieldentry>
            </qtimetadatafield>
            <qtimetadatafield>
              <fieldlabel>original_answer_ids</fieldlabel>
              <fieldentry>text2qti_choice_d1bb6a21ba9a2172453f47c8f9d4cb7165c8984f482404e23c5de87118ea37ec,text2qti_choice_b896e0e52ec53648fbc044ba28514b0d40dd34b78b34263b4fb515064434a84a,text2qti_choice_2ebc7f53649947a1682a31d452ea1c6a47bdb05024be5e39698040536c4db9bb,text2qti_choice_b58666a45b3531675f9005a3774fa266043644d17fe94068a66ab6c9b1b8f8c5</fieldentry>
            </qtimetadatafield>
            <qtimetadatafield>
              <fieldlabel>assessment_question_identifierref</fieldlabel>
              <fieldentry>text2qti_question_ref_e6136c8eca625caf3f1304c92337f5a57b33dd9158be542fff28456345543b19</fieldentry>
            </qtimetadatafield>
          </qtimetadata>
        </itemmetadata>
        <presentation>
          <material>
            <mattext texttype="text/html">&lt;p&gt;Which of the following are characteristics of TCP congestion control with AIMD? (Select all that apply)&lt;/p&gt;</mattext>
          </material>
          <response_lid ident="response1" rcardinality="Multiple">
            <render_choice>
              <response_label ident="text2qti_choice_d1bb6a21ba9a2172453f47c8f9d4cb7165c8984f482404e23c5de87118ea37ec">
                <material>
                  <mattext texttype="text/html">&lt;p&gt;Additive increase&lt;/p&gt;</mattext>
                </material>
              </response_label>
              <response_label ident="text2qti_choice_b896e0e52ec53648fbc044ba28514b0d40dd34b78b34263b4fb515064434a84a">
                <material>
                  <mattext texttype="text/html">&lt;p&gt;Multiplicative decrease&lt;/p&gt;</mattext>
                </material>
              </response_label>
              <response_label ident="text2qti_choice_2ebc7f53649947a1682a31d452ea1c6a47bdb05024be5e39698040536c4db9bb">
                <material>
                  <mattext texttype="text/html">&lt;p&gt;Random exponential backoff&lt;/p&gt;</mattext>
                </material>
              </response_label>
              <response_label ident="text2qti_choice_b58666a45b3531675f9005a3774fa266043644d17fe94068a66ab6c9b1b8f8c5">
                <material>
                  <mattext texttype="text/html">&lt;p&gt;Packet fragmentation&lt;/p&gt;</mattext>
                </material>
              </response_label>
            </render_choice>
          </response_lid>
        </presentation>
        <resprocessing>
          <outcomes>
            <decvar maxvalue="100" minvalue="0" varname="SCORE" vartype="Decimal"/>
          </outcomes>
          <respcondition continue="No">
            <conditionvar>
              <and>
                <varequal respident="response1">text2qti_choice_d1bb6a21ba9a2172453f47c8f9d4cb7165c8984f482404e23c5de87118ea37ec</varequal>
                <varequal respident="response1">text2qti_choice_b896e0e52ec53648fbc044ba28514b0d40dd34b78b34263b4fb515064434a84a</varequal>
                <not>
                  <varequal respident="response1">text2qti_choice_2ebc7f53649947a1682a31d452ea1c6a47bdb05024be5e39698040536c4db9bb</varequal>
                </not>
                <not>
                  <varequal respident="response1">text2qti_choice_b58666a45b3531675f9005a3774fa266043644d17fe94068a66ab6c9b1b8f8c5</varequal>
                </not>
              </and>
            </conditionvar>
            <setvar action="Set" varname="SCORE">100</setvar>
          </respcondition>
        </resprocessing>
      </item>
      <item ident="text2qti_question_81ccf71bd24c195ce1f0396ad7b07f3a5bd2ee98214cb5eb77537d1b4d91b225" title="Question">
        <itemmetadata>
          <qtimetadata>
            <qtimetadatafield>
              <fieldlabel>question_type</fieldlabel>
              <fieldentry>true_false_question</fieldentry>
            </qtimetadatafield>
            <qtimetadatafield>
              <fieldlabel>points_possible</fieldlabel>
              <fieldentry>1</fieldentry>
            </qtimetadatafield>
            <qtimetadatafield>
              <fieldlabel>original_answer_ids</fieldlabel>
              <fieldentry>text2qti_choice_90066d1f48041ac7ac91bebac890322cda6da394b8dadaec8f80df62cd9e44a3,text2qti_choice_74ff5fb08d4e6104bab5f6c37a2c106b713ae417469afee9e9f38d75560c5b0c</fieldentry>
            </qtimetadatafield>
            <qtimetadatafield>
              <fieldlabel>assessment_question_identifierref</fieldlabel>
              <fieldentry>text2qti_question_ref_81ccf71bd24c195ce1f0396ad7b07f3a5bd2ee98214cb5eb77537d1b4d91b225</fieldentry>
            </qtimetadatafield>
          </qtimetadata>
        </itemmetadata>
        <presentation>
          <material>
            <mattext texttype="text/html">&lt;p&gt;The primary functions of a router at the network layer are packet forwarding and routing.&lt;/p&gt;</mattext>
          </material>
          <response_lid ident="response1" rcardinality="Single">
            <render_choice>
              <response_label ident="text2qti_choice_90066d1f48041ac7ac91bebac890322cda6da394b8dadaec8f80df62cd9e44a3">
                <material>
                  <mattext texttype="text/html">&lt;p&gt;True&lt;/p&gt;</mattext>
                </material>
              </response_label>
              <response_label ident="text2qti_choice_74ff5fb08d4e6104bab5f6c37a2c106b713ae417469afee9e9f38d75560c5b0c">
                <material>
                  <mattext texttype="text/html">&lt;p&gt;False&lt;/p&gt;</mattext>
                </material>
              </response_label>
            </render_choice>
          </response_lid>
        </presentation>
        <resprocessing>
          <outcomes>
            <decvar maxvalue="100" minvalue="0" varname="SCORE" vartype="Decimal"/>
          </outcomes>
          <respcondition continue="No">
            <conditionvar>
              <varequal respident="response1">text2qti_choice_90066d1f48041ac7ac91bebac890322cda6da394b8dadaec8f80df62cd9e44a3</varequal>
            </conditionvar>
            <setvar action="Set" varname="SCORE">100</setvar>
          </respcondition>
        </resprocessing>
      </item>
      <item ident="text2qti_question_7dca0c90efcdb7482f09a6aaad3d33becb9a4494ed84133c17a4998e3a9ca801" title="Question">
        <itemmetadata>
          <qtimetadata>
            <qtimetadatafield>
              <fieldlabel>question_type</fieldlabel>
              <fieldentry>multiple_choice_question</fieldentry>
            </qtimetadatafield>
            <qtimetadatafield>
              <fieldlabel>points_possible</fieldlabel>
              <fieldentry>1</fieldentry>
            </qtimetadatafield>
            <qtimetadatafield>
              <fieldlabel>original_answer_ids</fieldlabel>
              <fieldentry>text2qti_choice_5077911b7cc3b15fbbb00f885354a13d993660f3d808a5d75c1f52f8ce06a5f1,text2qti_choice_b2bb2eab99b8d6cc6c951379d6f336b4c8b517f782f868193996accfe9cc2f8f,text2qti_choice_3952b363d435458719a53548e6db30e1b33c75c2d27cc3ff27f5adcc3357e021,text2qti_choice_4d275247baa3d13e57437ee697da01ca475643553fa44b04074be7da88eb47f6</fieldentry>
            </qtimetadatafield>
            <qtimetadatafield>
              <fieldlabel>assessment_question_identifierref</fieldlabel>
              <fieldentry>text2qti_question_ref_7dca0c90efcdb7482f09a6aaad3d33becb9a4494ed84133c17a4998e3a9ca801</fieldentry>
            </qtimetadatafield>
          </qtimetadata>
        </itemmetadata>
        <presentation>
          <material>
            <mattext texttype="text/html">&lt;p&gt;Which of these statements about NAT (Network Address Translation) and home networks is correct?&lt;/p&gt;</mattext>
          </material>
          <response_lid ident="response1" rcardinality="Single">
            <render_choice>
              <response_label ident="text2qti_choice_5077911b7cc3b15fbbb00f885354a13d993660f3d808a5d75c1f52f8ce06a5f1">
                <material>
                  <mattext texttype="text/html">&lt;p&gt;External hosts can always initiate communication to devices behind a NAT.&lt;/p&gt;</mattext>
                </material>
              </response_label>
              <response_label ident="text2qti_choice_b2bb2eab99b8d6cc6c951379d6f336b4c8b517f782f868193996accfe9cc2f8f">
                <material>
                  <mattext texttype="text/html">&lt;p&gt;Devices behind a NAT are always accessible from the Internet by default.&lt;/p&gt;</mattext>
                </material>
              </response_label>
              <response_label ident="text2qti_choice_3952b363d435458719a53548e6db30e1b33c75c2d27cc3ff27f5adcc3357e021">
                <material>
                  <mattext texttype="text/html">&lt;p&gt;Manual NAT table entries can make internal devices accessible from outside.&lt;/p&gt;</mattext>
                </material>
              </response_label>
              <response_label ident="text2qti_choice_4d275247baa3d13e57437ee697da01ca475643553fa44b04074be7da88eb47f6">
                <material>
                  <mattext texttype="text/html">&lt;p&gt;NAT is only used to assign MAC addresses.&lt;/p&gt;</mattext>
                </material>
              </response_label>
            </render_choice>
          </response_lid>
        </presentation>
        <resprocessing>
          <outcomes>
            <decvar maxvalue="100" minvalue="0" varname="SCORE" vartype="Decimal"/>
          </outcomes>
          <respcondition continue="No">
            <conditionvar>
              <varequal respident="response1">text2qti_choice_4d275247baa3d13e57437ee697da01ca475643553fa44b04074be7da88eb47f6</varequal>
            </conditionvar>
            <setvar action="Set" varname="SCORE">100</setvar>
          </respcondition>
        </resprocessing>
      </item>
      <item ident="text2qti_question_cfb29a6db774585d882c5e7aefbd2ab177099638ace3ec3d7854edbfee2b3e23" title="Question">
        <itemmetadata>
          <qtimetadata>
            <qtimetadatafield>
              <fieldlabel>question_type</fieldlabel>
              <fieldentry>true_false_question</fieldentry>
            </qtimetadatafield>
            <qtimetadatafield>
              <fieldlabel>points_possible</fieldlabel>
              <fieldentry>1</fieldentry>
            </qtimetadatafield>
            <qtimetadatafield>
              <fieldlabel>original_answer_ids</fieldlabel>
              <fieldentry>text2qti_choice_5e33798ee5b1004b37876e75b0678913c0363ec877f5bab3c17b908a899f43d7,text2qti_choice_c3a90da917280f1379011abe3fe7181963399bec2ec4c227310e3cb4083039af</fieldentry>
            </qtimetadatafield>
            <qtimetadatafield>
              <fieldlabel>assessment_question_identifierref</fieldlabel>
              <fieldentry>text2qti_question_ref_cfb29a6db774585d882c5e7aefbd2ab177099638ace3ec3d7854edbfee2b3e23</fieldentry>
            </qtimetadatafield>
          </qtimetadata>
        </itemmetadata>
        <presentation>
          <material>
            <mattext texttype="text/html">&lt;p&gt;In OSPF, each area border router learns both local and other area prefixes to build a complete forwarding table.&lt;/p&gt;</mattext>
          </material>
          <response_lid ident="response1" rcardinality="Single">
            <render_choice>
              <response_label ident="text2qti_choice_5e33798ee5b1004b37876e75b0678913c0363ec877f5bab3c17b908a899f43d7">
                <material>
                  <mattext texttype="text/html">&lt;p&gt;True&lt;/p&gt;</mattext>
                </material>
              </response_label>
              <response_label ident="text2qti_choice_c3a90da917280f1379011abe3fe7181963399bec2ec4c227310e3cb4083039af">
                <material>
                  <mattext texttype="text/html">&lt;p&gt;False&lt;/p&gt;</mattext>
                </material>
              </response_label>
            </render_choice>
          </response_lid>
        </presentation>
        <resprocessing>
          <outcomes>
            <decvar maxvalue="100" minvalue="0" varname="SCORE" vartype="Decimal"/>
          </outcomes>
          <respcondition continue="No">
            <conditionvar>
              <varequal respident="response1">text2qti_choice_5e33798ee5b1004b37876e75b0678913c0363ec877f5bab3c17b908a899f43d7</varequal>
            </conditionvar>
            <setvar action="Set" varname="SCORE">100</setvar>
          </respcondition>
        </resprocessing>
      </item>
    </section>
  </assessment>
</questestinterop>
