<?xml version="1.0" encoding="UTF-8"?>
<questestinterop xmlns="http://www.imsglobal.org/xsd/ims_qtiasiv1p2" xmlns:xsi="http://www.w3.org/2001/XMLSchema-instance" xsi:schemaLocation="http://www.imsglobal.org/xsd/ims_qtiasiv1p2 http://www.imsglobal.org/xsd/ims_qtiasiv1p2p1.xsd">
  <assessment ident="text2qti_assessment_dd59f215511fd33c463159c6ed8de7facbe842af2ea401bb16b92cf7b1252d59" title="Quiz">
    <qtimetadata>
      <qtimetadatafield>
        <fieldlabel>cc_maxattempts</fieldlabel>
        <fieldentry>1</fieldentry>
      </qtimetadatafield>
    </qtimetadata>
    <section ident="root_section">
      <item ident="text2qti_question_47501f8346cc126bd03de6cde8d172308675e30db41ae3609a79ecb14b654572" title="Question">
        <itemmetadata>
          <qtimetadata>
            <qtimetadatafield>
              <fieldlabel>question_type</fieldlabel>
              <fieldentry>multiple_choice_question</fieldentry>
            </qtimetadatafield>
            <qtimetadatafield>
              <fieldlabel>points_possible</fieldlabel>
              <fieldentry>1</fieldentry>
            </qtimetadatafield>
            <qtimetadatafield>
              <fieldlabel>original_answer_ids</fieldlabel>
              <fieldentry>text2qti_choice_40d68e1362c889150f72a2b36f96517cdcb376979ffd91b1ae54cecd22674710,text2qti_choice_119c8852753af66769ed534c175c260da446be02e56289e0fc357bbcfceb48c3,text2qti_choice_e1aed9bd7ba320d465b855fd5337bcdfa3bf944d5205438b503de5cfa5846cd3</fieldentry>
            </qtimetadatafield>
            <qtimetadatafield>
              <fieldlabel>assessment_question_identifierref</fieldlabel>
              <fieldentry>text2qti_question_ref_47501f8346cc126bd03de6cde8d172308675e30db41ae3609a79ecb14b654572</fieldentry>
            </qtimetadatafield>
          </qtimetadata>
        </itemmetadata>
        <presentation>
          <material>
            <mattext texttype="text/html">&lt;p&gt;¿Qué elemento se utiliza para comprender el aspecto del tiempo pasado en español?&lt;/p&gt;</mattext>
          </material>
          <response_lid ident="response1" rcardinality="Single">
            <render_choice>
              <response_label ident="text2qti_choice_40d68e1362c889150f72a2b36f96517cdcb376979ffd91b1ae54cecd22674710">
                <material>
                  <mattext texttype="text/html">&lt;p&gt;Verbos en presente&lt;/p&gt;</mattext>
                </material>
              </response_label>
              <response_label ident="text2qti_choice_119c8852753af66769ed534c175c260da446be02e56289e0fc357bbcfceb48c3">
                <material>
                  <mattext texttype="text/html">&lt;p&gt;Claves adverbiales&lt;/p&gt;</mattext>
                </material>
              </response_label>
              <response_label ident="text2qti_choice_e1aed9bd7ba320d465b855fd5337bcdfa3bf944d5205438b503de5cfa5846cd3">
                <material>
                  <mattext texttype="text/html">&lt;p&gt;Subjuntivo&lt;/p&gt;</mattext>
                </material>
              </response_label>
            </render_choice>
          </response_lid>
        </presentation>
        <resprocessing>
          <outcomes>
            <decvar maxvalue="100" minvalue="0" varname="SCORE" vartype="Decimal"/>
          </outcomes>
          <respcondition continue="No">
            <conditionvar>
              <varequal respident="response1">text2qti_choice_119c8852753af66769ed534c175c260da446be02e56289e0fc357bbcfceb48c3</varequal>
            </conditionvar>
            <setvar action="Set" varname="SCORE">100</setvar>
          </respcondition>
        </resprocessing>
      </item>
      <item ident="text2qti_question_67becb4bfaa83cb732ced9f68bc3d6d26aa6c6ae63fcc07437c4e4ee3412a8df" title="Question">
        <itemmetadata>
          <qtimetadata>
            <qtimetadatafield>
              <fieldlabel>question_type</fieldlabel>
              <fieldentry>multiple_choice_question</fieldentry>
            </qtimetadatafield>
            <qtimetadatafield>
              <fieldlabel>points_possible</fieldlabel>
              <fieldentry>1</fieldentry>
            </qtimetadatafield>
            <qtimetadatafield>
              <fieldlabel>original_answer_ids</fieldlabel>
              <fieldentry>text2qti_choice_87ab4a5e8e1c81797eea351ebdb651162357157332a553d46f5631dec8126c40,text2qti_choice_97d1f09d625ecc47b32a3599a0459dde2e25ec5a43bfa252e93e0181a717b389,text2qti_choice_359fbb6802e071da7c2e76bc6417f502343e43b7756eedc9b961e6a5661159b6</fieldentry>
            </qtimetadatafield>
            <qtimetadatafield>
              <fieldlabel>assessment_question_identifierref</fieldlabel>
              <fieldentry>text2qti_question_ref_67becb4bfaa83cb732ced9f68bc3d6d26aa6c6ae63fcc07437c4e4ee3412a8df</fieldentry>
            </qtimetadatafield>
          </qtimetadata>
        </itemmetadata>
        <presentation>
          <material>
            <mattext texttype="text/html">&lt;p&gt;¿Cuál es un objetivo de la Unidad 13 en el curso SPN 2200?&lt;/p&gt;</mattext>
          </material>
          <response_lid ident="response1" rcardinality="Single">
            <render_choice>
              <response_label ident="text2qti_choice_87ab4a5e8e1c81797eea351ebdb651162357157332a553d46f5631dec8126c40">
                <material>
                  <mattext texttype="text/html">&lt;p&gt;Hablar sobre la gastronomía española&lt;/p&gt;</mattext>
                </material>
              </response_label>
              <response_label ident="text2qti_choice_97d1f09d625ecc47b32a3599a0459dde2e25ec5a43bfa252e93e0181a717b389">
                <material>
                  <mattext texttype="text/html">&lt;p&gt;Entender un fragmento de una novela gráfica sobre un inmigrante&lt;/p&gt;</mattext>
                </material>
              </response_label>
              <response_label ident="text2qti_choice_359fbb6802e071da7c2e76bc6417f502343e43b7756eedc9b961e6a5661159b6">
                <material>
                  <mattext texttype="text/html">&lt;p&gt;Aprender a conjugar verbos en futuro&lt;/p&gt;</mattext>
                </material>
              </response_label>
            </render_choice>
          </response_lid>
        </presentation>
        <resprocessing>
          <outcomes>
            <decvar maxvalue="100" minvalue="0" varname="SCORE" vartype="Decimal"/>
          </outcomes>
          <respcondition continue="No">
            <conditionvar>
              <varequal respident="response1">text2qti_choice_97d1f09d625ecc47b32a3599a0459dde2e25ec5a43bfa252e93e0181a717b389</varequal>
            </conditionvar>
            <setvar action="Set" varname="SCORE">100</setvar>
          </respcondition>
        </resprocessing>
      </item>
      <item ident="text2qti_question_1ba6f77e600013d60c4fe88f2762f4086b001079fee060714017df7f791122db" title="Question">
        <itemmetadata>
          <qtimetadata>
            <qtimetadatafield>
              <fieldlabel>question_type</fieldlabel>
              <fieldentry>multiple_choice_question</fieldentry>
            </qtimetadatafield>
            <qtimetadatafield>
              <fieldlabel>points_possible</fieldlabel>
              <fieldentry>1</fieldentry>
            </qtimetadatafield>
            <qtimetadatafield>
              <fieldlabel>original_answer_ids</fieldlabel>
              <fieldentry>text2qti_choice_f261d05d4ce72026f98142a6c8fb0c3741168e5c1049409da5cb21ada7477605,text2qti_choice_43b8bb31796ac2c65a5d9dfd62374e40aef3beb0f801dcb33a7c68d504f32ff1</fieldentry>
            </qtimetadatafield>
            <qtimetadatafield>
              <fieldlabel>assessment_question_identifierref</fieldlabel>
              <fieldentry>text2qti_question_ref_1ba6f77e600013d60c4fe88f2762f4086b001079fee060714017df7f791122db</fieldentry>
            </qtimetadatafield>
          </qtimetadata>
        </itemmetadata>
        <presentation>
          <material>
            <mattext texttype="text/html">&lt;p&gt;¿Es importante entender las diferencias ortográficas entre español e inglés según la Unidad 13?&lt;/p&gt;</mattext>
          </material>
          <response_lid ident="response1" rcardinality="Single">
            <render_choice>
              <response_label ident="text2qti_choice_f261d05d4ce72026f98142a6c8fb0c3741168e5c1049409da5cb21ada7477605">
                <material>
                  <mattext texttype="text/html">&lt;p&gt;Verdadero&lt;/p&gt;</mattext>
                </material>
              </response_label>
              <response_label ident="text2qti_choice_43b8bb31796ac2c65a5d9dfd62374e40aef3beb0f801dcb33a7c68d504f32ff1">
                <material>
                  <mattext texttype="text/html">&lt;p&gt;Falso&lt;/p&gt;</mattext>
                </material>
              </response_label>
            </render_choice>
          </response_lid>
        </presentation>
        <resprocessing>
          <outcomes>
            <decvar maxvalue="100" minvalue="0" varname="SCORE" vartype="Decimal"/>
          </outcomes>
          <respcondition continue="No">
            <conditionvar>
              <varequal respident="response1">text2qti_choice_f261d05d4ce72026f98142a6c8fb0c3741168e5c1049409da5cb21ada7477605</varequal>
            </conditionvar>
            <setvar action="Set" varname="SCORE">100</setvar>
          </respcondition>
        </resprocessing>
      </item>
      <item ident="text2qti_question_b9e458aba48df4467f122496b4ff19f9cb935fba33660e8b97eae613051463a5" title="Question">
        <itemmetadata>
          <qtimetadata>
            <qtimetadatafield>
              <fieldlabel>question_type</fieldlabel>
              <fieldentry>multiple_choice_question</fieldentry>
            </qtimetadatafield>
            <qtimetadatafield>
              <fieldlabel>points_possible</fieldlabel>
              <fieldentry>1</fieldentry>
            </qtimetadatafield>
            <qtimetadatafield>
              <fieldlabel>original_answer_ids</fieldlabel>
              <fieldentry>text2qti_choice_e6f9e8273dc582447b590dd64960be6cbb66fa94337b1f29212e586e99e1b9b3,text2qti_choice_1988d402f6b5bf305e4c16970cc73b2476910b091f68162054fe343b7392186c,text2qti_choice_351f42041fa6ad7a031a7ad75846739764af5f0f821ba986fa988857ea424692</fieldentry>
            </qtimetadatafield>
            <qtimetadatafield>
              <fieldlabel>assessment_question_identifierref</fieldlabel>
              <fieldentry>text2qti_question_ref_b9e458aba48df4467f122496b4ff19f9cb935fba33660e8b97eae613051463a5</fieldentry>
            </qtimetadatafield>
          </qtimetadata>
        </itemmetadata>
        <presentation>
          <material>
            <mattext texttype="text/html">&lt;p&gt;El profesor da una presentación sobre arte. ¿Qué habilidad debe aplicar basada en la Unidad 14?&lt;/p&gt;</mattext>
          </material>
          <response_lid ident="response1" rcardinality="Single">
            <render_choice>
              <response_label ident="text2qti_choice_e6f9e8273dc582447b590dd64960be6cbb66fa94337b1f29212e586e99e1b9b3">
                <material>
                  <mattext texttype="text/html">&lt;p&gt;Leer en voz alta&lt;/p&gt;</mattext>
                </material>
              </response_label>
              <response_label ident="text2qti_choice_1988d402f6b5bf305e4c16970cc73b2476910b091f68162054fe343b7392186c">
                <material>
                  <mattext texttype="text/html">&lt;p&gt;Escribir en inglés&lt;/p&gt;</mattext>
                </material>
              </response_label>
              <response_label ident="text2qti_choice_351f42041fa6ad7a031a7ad75846739764af5f0f821ba986fa988857ea424692">
                <material>
                  <mattext texttype="text/html">&lt;p&gt;Usar notas&lt;/p&gt;</mattext>
                </material>
              </response_label>
            </render_choice>
          </response_lid>
        </presentation>
        <resprocessing>
          <outcomes>
            <decvar maxvalue="100" minvalue="0" varname="SCORE" vartype="Decimal"/>
          </outcomes>
          <respcondition continue="No">
            <conditionvar>
              <varequal respident="response1">text2qti_choice_351f42041fa6ad7a031a7ad75846739764af5f0f821ba986fa988857ea424692</varequal>
            </conditionvar>
            <setvar action="Set" varname="SCORE">100</setvar>
          </respcondition>
        </resprocessing>
      </item>
      <item ident="text2qti_question_41f8b537122231d60d52db8e5badef0e995eaf8e93c2991e2534ba4bf947bc36" title="Question">
        <itemmetadata>
          <qtimetadata>
            <qtimetadatafield>
              <fieldlabel>question_type</fieldlabel>
              <fieldentry>multiple_choice_question</fieldentry>
            </qtimetadatafield>
            <qtimetadatafield>
              <fieldlabel>points_possible</fieldlabel>
              <fieldentry>1</fieldentry>
            </qtimetadatafield>
            <qtimetadatafield>
              <fieldlabel>original_answer_ids</fieldlabel>
              <fieldentry>text2qti_choice_bcf71ae7cada274ef8b953cf467b0c412c65f6d6fa63b45026b3f708cb042c28,text2qti_choice_6270994a96748385304e1e3bec363f9fcdbf1c7a78e721a1e5d36e5a5f5e8c97,text2qti_choice_fc5ad164652ba791b9e8d5996a16b486dde81200d3f7a698b320422000e0e4be</fieldentry>
            </qtimetadatafield>
            <qtimetadatafield>
              <fieldlabel>assessment_question_identifierref</fieldlabel>
              <fieldentry>text2qti_question_ref_41f8b537122231d60d52db8e5badef0e995eaf8e93c2991e2534ba4bf947bc36</fieldentry>
            </qtimetadatafield>
          </qtimetadata>
        </itemmetadata>
        <presentation>
          <material>
            <mattext texttype="text/html">&lt;p&gt;Según las preguntas de conversación, ¿qué se sugiere explorar en la Unidad 14?&lt;/p&gt;</mattext>
          </material>
          <response_lid ident="response1" rcardinality="Single">
            <render_choice>
              <response_label ident="text2qti_choice_bcf71ae7cada274ef8b953cf467b0c412c65f6d6fa63b45026b3f708cb042c28">
                <material>
                  <mattext texttype="text/html">&lt;p&gt;Computación avanzada&lt;/p&gt;</mattext>
                </material>
              </response_label>
              <response_label ident="text2qti_choice_6270994a96748385304e1e3bec363f9fcdbf1c7a78e721a1e5d36e5a5f5e8c97">
                <material>
                  <mattext texttype="text/html">&lt;p&gt;Tipos de arte populares en el mundo hispanohablante&lt;/p&gt;</mattext>
                </material>
              </response_label>
              <response_label ident="text2qti_choice_fc5ad164652ba791b9e8d5996a16b486dde81200d3f7a698b320422000e0e4be">
                <material>
                  <mattext texttype="text/html">&lt;p&gt;Historia antigua&lt;/p&gt;</mattext>
                </material>
              </response_label>
            </render_choice>
          </response_lid>
        </presentation>
        <resprocessing>
          <outcomes>
            <decvar maxvalue="100" minvalue="0" varname="SCORE" vartype="Decimal"/>
          </outcomes>
          <respcondition continue="No">
            <conditionvar>
              <varequal respident="response1">text2qti_choice_6270994a96748385304e1e3bec363f9fcdbf1c7a78e721a1e5d36e5a5f5e8c97</varequal>
            </conditionvar>
            <setvar action="Set" varname="SCORE">100</setvar>
          </respcondition>
        </resprocessing>
      </item>
      <item ident="text2qti_question_8fb1c8b9f3dfefe8f6d00efd717cfc02fc6032527ee1eccc251c1279811dbe97" title="Question">
        <itemmetadata>
          <qtimetadata>
            <qtimetadatafield>
              <fieldlabel>question_type</fieldlabel>
              <fieldentry>multiple_choice_question</fieldentry>
            </qtimetadatafield>
            <qtimetadatafield>
              <fieldlabel>points_possible</fieldlabel>
              <fieldentry>1</fieldentry>
            </qtimetadatafield>
            <qtimetadatafield>
              <fieldlabel>original_answer_ids</fieldlabel>
              <fieldentry>text2qti_choice_3b5c03313f95c0bb156e174764bd4afceda7c08d727b575b13ad750b42e06438,text2qti_choice_a420874e0ab43781135d51e1f8c8fee06730d8610fbc1eb041e78b595596abd5,text2qti_choice_85b8bcf69515b6ed1737b960b51744c261cc1602d336f155eea8f89d04f0be4a</fieldentry>
            </qtimetadatafield>
            <qtimetadatafield>
              <fieldlabel>assessment_question_identifierref</fieldlabel>
              <fieldentry>text2qti_question_ref_8fb1c8b9f3dfefe8f6d00efd717cfc02fc6032527ee1eccc251c1279811dbe97</fieldentry>
            </qtimetadatafield>
          </qtimetadata>
        </itemmetadata>
        <presentation>
          <material>
            <mattext texttype="text/html">&lt;p&gt;¿Cuál es el objetivo sobre el vídeo auténtico de Argentina en la Unidad 14?&lt;/p&gt;</mattext>
          </material>
          <response_lid ident="response1" rcardinality="Single">
            <render_choice>
              <response_label ident="text2qti_choice_3b5c03313f95c0bb156e174764bd4afceda7c08d727b575b13ad750b42e06438">
                <material>
                  <mattext texttype="text/html">&lt;p&gt;Memorizar los nombres de los artistas&lt;/p&gt;</mattext>
                </material>
              </response_label>
              <response_label ident="text2qti_choice_a420874e0ab43781135d51e1f8c8fee06730d8610fbc1eb041e78b595596abd5">
                <material>
                  <mattext texttype="text/html">&lt;p&gt;Saber la historia de todos los museos&lt;/p&gt;</mattext>
                </material>
              </response_label>
              <response_label ident="text2qti_choice_85b8bcf69515b6ed1737b960b51744c261cc1602d336f155eea8f89d04f0be4a">
                <material>
                  <mattext texttype="text/html">&lt;p&gt;Entender la historia de un museo de arte&lt;/p&gt;</mattext>
                </material>
              </response_label>
            </render_choice>
          </response_lid>
        </presentation>
        <resprocessing>
          <outcomes>
            <decvar maxvalue="100" minvalue="0" varname="SCORE" vartype="Decimal"/>
          </outcomes>
          <respcondition continue="No">
            <conditionvar>
              <varequal respident="response1">text2qti_choice_85b8bcf69515b6ed1737b960b51744c261cc1602d336f155eea8f89d04f0be4a</varequal>
            </conditionvar>
            <setvar action="Set" varname="SCORE">100</setvar>
          </respcondition>
        </resprocessing>
      </item>
      <item ident="text2qti_question_a113d079a6972222c6474487a3a13c705dad2406ef313c77a2650b38df2b248a" title="Question">
        <itemmetadata>
          <qtimetadata>
            <qtimetadatafield>
              <fieldlabel>question_type</fieldlabel>
              <fieldentry>multiple_choice_question</fieldentry>
            </qtimetadatafield>
            <qtimetadatafield>
              <fieldlabel>points_possible</fieldlabel>
              <fieldentry>1</fieldentry>
            </qtimetadatafield>
            <qtimetadatafield>
              <fieldlabel>original_answer_ids</fieldlabel>
              <fieldentry>text2qti_choice_f46dc5a7ac265df7b5fdd25c1748dbaaff31204526428131a782401da0a25167,text2qti_choice_c81ee4a9e1883e257b1bb6414c304d61ffb0f8e8e3a36bcd9afd09639dcd0167,text2qti_choice_c41d683219487b3500487433c7d9b8bb8d01c10d34c2efc70ac43c79f425d66a</fieldentry>
            </qtimetadatafield>
            <qtimetadatafield>
              <fieldlabel>assessment_question_identifierref</fieldlabel>
              <fieldentry>text2qti_question_ref_a113d079a6972222c6474487a3a13c705dad2406ef313c77a2650b38df2b248a</fieldentry>
            </qtimetadatafield>
          </qtimetadata>
        </itemmetadata>
        <presentation>
          <material>
            <mattext texttype="text/html">&lt;p&gt;Según las metas de la Unidad 13, ¿qué se debe utilizar para narrar en pasado?&lt;/p&gt;</mattext>
          </material>
          <response_lid ident="response1" rcardinality="Single">
            <render_choice>
              <response_label ident="text2qti_choice_f46dc5a7ac265df7b5fdd25c1748dbaaff31204526428131a782401da0a25167">
                <material>
                  <mattext texttype="text/html">&lt;p&gt;Verbos en futuro&lt;/p&gt;</mattext>
                </material>
              </response_label>
              <response_label ident="text2qti_choice_c81ee4a9e1883e257b1bb6414c304d61ffb0f8e8e3a36bcd9afd09639dcd0167">
                <material>
                  <mattext texttype="text/html">&lt;p&gt;Verbo en pasado&lt;/p&gt;</mattext>
                </material>
              </response_label>
              <response_label ident="text2qti_choice_c41d683219487b3500487433c7d9b8bb8d01c10d34c2efc70ac43c79f425d66a">
                <material>
                  <mattext texttype="text/html">&lt;p&gt;Verbos en subjuntivo&lt;/p&gt;</mattext>
                </material>
              </response_label>
            </render_choice>
          </response_lid>
        </presentation>
        <resprocessing>
          <outcomes>
            <decvar maxvalue="100" minvalue="0" varname="SCORE" vartype="Decimal"/>
          </outcomes>
          <respcondition continue="No">
            <conditionvar>
              <varequal respident="response1">text2qti_choice_c81ee4a9e1883e257b1bb6414c304d61ffb0f8e8e3a36bcd9afd09639dcd0167</varequal>
            </conditionvar>
            <setvar action="Set" varname="SCORE">100</setvar>
          </respcondition>
        </resprocessing>
      </item>
      <item ident="text2qti_question_9edcc792e932bd4a3bca7198de8ad12e1c2b980dba3265e3e6c029197bc47028" title="Question">
        <itemmetadata>
          <qtimetadata>
            <qtimetadatafield>
              <fieldlabel>question_type</fieldlabel>
              <fieldentry>multiple_choice_question</fieldentry>
            </qtimetadatafield>
            <qtimetadatafield>
              <fieldlabel>points_possible</fieldlabel>
              <fieldentry>1</fieldentry>
            </qtimetadatafield>
            <qtimetadatafield>
              <fieldlabel>original_answer_ids</fieldlabel>
              <fieldentry>text2qti_choice_525890d668fa50875d7a060ceaa347b18bdf8557235734b22666debbdd4064c6,text2qti_choice_2485b0af629a0589d4f63e172d20674ae5bb29f58446c4f1f66e31de272dea96,text2qti_choice_f038ee19e2b509a8f0ee4938a08dcb80d1f69d2055ed0bb238afabb8b6407373</fieldentry>
            </qtimetadatafield>
            <qtimetadatafield>
              <fieldlabel>assessment_question_identifierref</fieldlabel>
              <fieldentry>text2qti_question_ref_9edcc792e932bd4a3bca7198de8ad12e1c2b980dba3265e3e6c029197bc47028</fieldentry>
            </qtimetadatafield>
          </qtimetadata>
        </itemmetadata>
        <presentation>
          <material>
            <mattext texttype="text/html">&lt;p&gt;Entre las preguntas de conversación de la Unidad 13, ¿qué información se solicita sobre el país del entrenador?&lt;/p&gt;</mattext>
          </material>
          <response_lid ident="response1" rcardinality="Single">
            <render_choice>
              <response_label ident="text2qti_choice_525890d668fa50875d7a060ceaa347b18bdf8557235734b22666debbdd4064c6">
                <material>
                  <mattext texttype="text/html">&lt;p&gt;Lugares turísticos&lt;/p&gt;</mattext>
                </material>
              </response_label>
              <response_label ident="text2qti_choice_2485b0af629a0589d4f63e172d20674ae5bb29f58446c4f1f66e31de272dea96">
                <material>
                  <mattext texttype="text/html">&lt;p&gt;Comida típica&lt;/p&gt;</mattext>
                </material>
              </response_label>
              <response_label ident="text2qti_choice_f038ee19e2b509a8f0ee4938a08dcb80d1f69d2055ed0bb238afabb8b6407373">
                <material>
                  <mattext texttype="text/html">&lt;p&gt;Tendencias migratorias&lt;/p&gt;</mattext>
                </material>
              </response_label>
            </render_choice>
          </response_lid>
        </presentation>
        <resprocessing>
          <outcomes>
            <decvar maxvalue="100" minvalue="0" varname="SCORE" vartype="Decimal"/>
          </outcomes>
          <respcondition continue="No">
            <conditionvar>
              <varequal respident="response1">text2qti_choice_f038ee19e2b509a8f0ee4938a08dcb80d1f69d2055ed0bb238afabb8b6407373</varequal>
            </conditionvar>
            <setvar action="Set" varname="SCORE">100</setvar>
          </respcondition>
        </resprocessing>
      </item>
      <item ident="text2qti_question_94e3fa5246c41c028a3f16722c88762fab6893013049111b5c87dced2174f884" title="Question">
        <itemmetadata>
          <qtimetadata>
            <qtimetadatafield>
              <fieldlabel>question_type</fieldlabel>
              <fieldentry>multiple_choice_question</fieldentry>
            </qtimetadatafield>
            <qtimetadatafield>
              <fieldlabel>points_possible</fieldlabel>
              <fieldentry>1</fieldentry>
            </qtimetadatafield>
            <qtimetadatafield>
              <fieldlabel>original_answer_ids</fieldlabel>
              <fieldentry>text2qti_choice_0d6c52094e5370ce62f57ba65a465a072e19b5af666d0e999533936a195170b6,text2qti_choice_7c700a0e45867474ab26c37f3019da78496d8b25f1de94bb0493a990829f0405,text2qti_choice_36647be834111857c2523a2d81a90a62ad8f14d33d622e4641304a66b9f4a0b6</fieldentry>
            </qtimetadatafield>
            <qtimetadatafield>
              <fieldlabel>assessment_question_identifierref</fieldlabel>
              <fieldentry>text2qti_question_ref_94e3fa5246c41c028a3f16722c88762fab6893013049111b5c87dced2174f884</fieldentry>
            </qtimetadatafield>
          </qtimetadata>
        </itemmetadata>
        <presentation>
          <material>
            <mattext texttype="text/html">&lt;p&gt;¿Qué aspecto de la pronunciación se analiza en la Unidad 14?&lt;/p&gt;</mattext>
          </material>
          <response_lid ident="response1" rcardinality="Single">
            <render_choice>
              <response_label ident="text2qti_choice_0d6c52094e5370ce62f57ba65a465a072e19b5af666d0e999533936a195170b6">
                <material>
                  <mattext texttype="text/html">&lt;p&gt;Cómo pronunciar la letra &amp;ldquo;n&amp;rdquo;&lt;/p&gt;</mattext>
                </material>
              </response_label>
              <response_label ident="text2qti_choice_7c700a0e45867474ab26c37f3019da78496d8b25f1de94bb0493a990829f0405">
                <material>
                  <mattext texttype="text/html">&lt;p&gt;Cómo pronunciar la letra &amp;ldquo;r&amp;rdquo;&lt;/p&gt;</mattext>
                </material>
              </response_label>
              <response_label ident="text2qti_choice_36647be834111857c2523a2d81a90a62ad8f14d33d622e4641304a66b9f4a0b6">
                <material>
                  <mattext texttype="text/html">&lt;p&gt;Cómo pronunciar las vocales&lt;/p&gt;</mattext>
                </material>
              </response_label>
            </render_choice>
          </response_lid>
        </presentation>
        <resprocessing>
          <outcomes>
            <decvar maxvalue="100" minvalue="0" varname="SCORE" vartype="Decimal"/>
          </outcomes>
          <respcondition continue="No">
            <conditionvar>
              <varequal respident="response1">text2qti_choice_0d6c52094e5370ce62f57ba65a465a072e19b5af666d0e999533936a195170b6</varequal>
            </conditionvar>
            <setvar action="Set" varname="SCORE">100</setvar>
          </respcondition>
        </resprocessing>
      </item>
      <item ident="text2qti_question_3977756e6d30248ee906f9d6f4e73e1bbe3b84a3ea8434f9cf02e99379c78147" title="Question">
        <itemmetadata>
          <qtimetadata>
            <qtimetadatafield>
              <fieldlabel>question_type</fieldlabel>
              <fieldentry>multiple_choice_question</fieldentry>
            </qtimetadatafield>
            <qtimetadatafield>
              <fieldlabel>points_possible</fieldlabel>
              <fieldentry>1</fieldentry>
            </qtimetadatafield>
            <qtimetadatafield>
              <fieldlabel>original_answer_ids</fieldlabel>
              <fieldentry>text2qti_choice_026dd2a8622b300b706b50fb4f0270bb74aa8ab027f2d2a87503b4511713e0e4,text2qti_choice_1d133c76299ac4ebf70e14673681155fd2d5ea8109ce99ccce5a666006560db6,text2qti_choice_7c082472d0ae10e81530f54523baebb32ce3aaed01e51b9aaeeb8a25b718f119</fieldentry>
            </qtimetadatafield>
            <qtimetadatafield>
              <fieldlabel>assessment_question_identifierref</fieldlabel>
              <fieldentry>text2qti_question_ref_3977756e6d30248ee906f9d6f4e73e1bbe3b84a3ea8434f9cf02e99379c78147</fieldentry>
            </qtimetadatafield>
          </qtimetadata>
        </itemmetadata>
        <presentation>
          <material>
            <mattext texttype="text/html">&lt;p&gt;¿Cuáles son algunos de los temas tratados en la Unidad 14 relacionados con el arte?&lt;/p&gt;</mattext>
          </material>
          <response_lid ident="response1" rcardinality="Single">
            <render_choice>
              <response_label ident="text2qti_choice_026dd2a8622b300b706b50fb4f0270bb74aa8ab027f2d2a87503b4511713e0e4">
                <material>
                  <mattext texttype="text/html">&lt;p&gt;Viajes y turismo&lt;/p&gt;</mattext>
                </material>
              </response_label>
              <response_label ident="text2qti_choice_1d133c76299ac4ebf70e14673681155fd2d5ea8109ce99ccce5a666006560db6">
                <material>
                  <mattext texttype="text/html">&lt;p&gt;Innovaciones tecnológicas&lt;/p&gt;</mattext>
                </material>
              </response_label>
              <response_label ident="text2qti_choice_7c082472d0ae10e81530f54523baebb32ce3aaed01e51b9aaeeb8a25b718f119">
                <material>
                  <mattext texttype="text/html">&lt;p&gt;Artistas y museos&lt;/p&gt;</mattext>
                </material>
              </response_label>
            </render_choice>
          </response_lid>
        </presentation>
        <resprocessing>
          <outcomes>
            <decvar maxvalue="100" minvalue="0" varname="SCORE" vartype="Decimal"/>
          </outcomes>
          <respcondition continue="No">
            <conditionvar>
              <varequal respident="response1">text2qti_choice_7c082472d0ae10e81530f54523baebb32ce3aaed01e51b9aaeeb8a25b718f119</varequal>
            </conditionvar>
            <setvar action="Set" varname="SCORE">100</setvar>
          </respcondition>
        </resprocessing>
      </item>
    </section>
  </assessment>
</questestinterop>
