<?xml version="1.0" encoding="UTF-8"?>
<questestinterop xmlns="http://www.imsglobal.org/xsd/ims_qtiasiv1p2" xmlns:xsi="http://www.w3.org/2001/XMLSchema-instance" xsi:schemaLocation="http://www.imsglobal.org/xsd/ims_qtiasiv1p2 http://www.imsglobal.org/xsd/ims_qtiasiv1p2p1.xsd">
  <assessment ident="text2qti_assessment_b17873fb87e00ffe39b884056fbbdb88d146c4b5e4b31380908463787f838bea" title="Quiz">
    <qtimetadata>
      <qtimetadatafield>
        <fieldlabel>cc_maxattempts</fieldlabel>
        <fieldentry>1</fieldentry>
      </qtimetadatafield>
    </qtimetadata>
    <section ident="root_section">
      <item ident="text2qti_question_12e92d4e3b32c1e5894acb270658ebac64270e69392c1bfd33e3acb42d9100be" title="Question">
        <itemmetadata>
          <qtimetadata>
            <qtimetadatafield>
              <fieldlabel>question_type</fieldlabel>
              <fieldentry>multiple_choice_question</fieldentry>
            </qtimetadatafield>
            <qtimetadatafield>
              <fieldlabel>points_possible</fieldlabel>
              <fieldentry>1</fieldentry>
            </qtimetadatafield>
            <qtimetadatafield>
              <fieldlabel>original_answer_ids</fieldlabel>
              <fieldentry>text2qti_choice_b9c40478addf0924188f30ef8bff8f3bf80c6fd84933295e4e1d9fc5c792b334,text2qti_choice_6cbd4e215def9147d5ea4385d2035f724e37d450b181a48a0d67f5d989ff6c5c,text2qti_choice_f425d113843573419ffe6c6bd9f0126a937049bd22a3d06737832464d5dec7c6,text2qti_choice_b1d4079e4c7ae82430d822b900ec4a0502773168bed0ca23b6d6c576303b6cb9</fieldentry>
            </qtimetadatafield>
            <qtimetadatafield>
              <fieldlabel>assessment_question_identifierref</fieldlabel>
              <fieldentry>text2qti_question_ref_12e92d4e3b32c1e5894acb270658ebac64270e69392c1bfd33e3acb42d9100be</fieldentry>
            </qtimetadatafield>
          </qtimetadata>
        </itemmetadata>
        <presentation>
          <material>
            <mattext texttype="text/html">&lt;p&gt;What is the primary focus of the UF-UNED COIL project?&lt;/p&gt;</mattext>
          </material>
          <response_lid ident="response1" rcardinality="Single">
            <render_choice>
              <response_label ident="text2qti_choice_b9c40478addf0924188f30ef8bff8f3bf80c6fd84933295e4e1d9fc5c792b334">
                <material>
                  <mattext texttype="text/html">&lt;p&gt;Developing new computer hardware&lt;/p&gt;</mattext>
                </material>
              </response_label>
              <response_label ident="text2qti_choice_6cbd4e215def9147d5ea4385d2035f724e37d450b181a48a0d67f5d989ff6c5c">
                <material>
                  <mattext texttype="text/html">&lt;p&gt;Analyzing the feasibility of implementing internet-based software in Costa Rica’s urban and rural communities&lt;/p&gt;</mattext>
                </material>
              </response_label>
              <response_label ident="text2qti_choice_f425d113843573419ffe6c6bd9f0126a937049bd22a3d06737832464d5dec7c6">
                <material>
                  <mattext texttype="text/html">&lt;p&gt;Teaching Spanish language skills&lt;/p&gt;</mattext>
                </material>
              </response_label>
              <response_label ident="text2qti_choice_b1d4079e4c7ae82430d822b900ec4a0502773168bed0ca23b6d6c576303b6cb9">
                <material>
                  <mattext texttype="text/html">&lt;p&gt;Creating mobile apps for entertainment&lt;/p&gt;</mattext>
                </material>
              </response_label>
            </render_choice>
          </response_lid>
        </presentation>
        <resprocessing>
          <outcomes>
            <decvar maxvalue="100" minvalue="0" varname="SCORE" vartype="Decimal"/>
          </outcomes>
          <respcondition continue="No">
            <conditionvar>
              <varequal respident="response1">text2qti_choice_6cbd4e215def9147d5ea4385d2035f724e37d450b181a48a0d67f5d989ff6c5c</varequal>
            </conditionvar>
            <setvar action="Set" varname="SCORE">100</setvar>
          </respcondition>
        </resprocessing>
      </item>
      <item ident="text2qti_question_845ba75675029c8f81aa24745505a3ed876bc015e7e0c2abbd553744185178e9" title="Question">
        <itemmetadata>
          <qtimetadata>
            <qtimetadatafield>
              <fieldlabel>question_type</fieldlabel>
              <fieldentry>multiple_choice_question</fieldentry>
            </qtimetadatafield>
            <qtimetadatafield>
              <fieldlabel>points_possible</fieldlabel>
              <fieldentry>1</fieldentry>
            </qtimetadatafield>
            <qtimetadatafield>
              <fieldlabel>original_answer_ids</fieldlabel>
              <fieldentry>text2qti_choice_74f2bd547cec01b293b6979752af5f2548cffd98f107fa52a0a8df064a9b83f9,text2qti_choice_1a795ee706d6243f4647c6442cef59daabdba2c2689ec062db5c48519f6cbeb5,text2qti_choice_bcddb231165daaccb140b00e82b95ba773966fe5a13d6b54b95a7318b69da8a0,text2qti_choice_9db240398aa5b545a7540b454f95e9d54d6ddd4d3acfb15526cbe840848a27bd</fieldentry>
            </qtimetadatafield>
            <qtimetadatafield>
              <fieldlabel>assessment_question_identifierref</fieldlabel>
              <fieldentry>text2qti_question_ref_845ba75675029c8f81aa24745505a3ed876bc015e7e0c2abbd553744185178e9</fieldentry>
            </qtimetadatafield>
          </qtimetadata>
        </itemmetadata>
        <presentation>
          <material>
            <mattext texttype="text/html">&lt;p&gt;Which online platform must be used for collaboration and documentation throughout the project?&lt;/p&gt;</mattext>
          </material>
          <response_lid ident="response1" rcardinality="Single">
            <render_choice>
              <response_label ident="text2qti_choice_74f2bd547cec01b293b6979752af5f2548cffd98f107fa52a0a8df064a9b83f9">
                <material>
                  <mattext texttype="text/html">&lt;p&gt;Microsoft Teams&lt;/p&gt;</mattext>
                </material>
              </response_label>
              <response_label ident="text2qti_choice_1a795ee706d6243f4647c6442cef59daabdba2c2689ec062db5c48519f6cbeb5">
                <material>
                  <mattext texttype="text/html">&lt;p&gt;Dropbox&lt;/p&gt;</mattext>
                </material>
              </response_label>
              <response_label ident="text2qti_choice_bcddb231165daaccb140b00e82b95ba773966fe5a13d6b54b95a7318b69da8a0">
                <material>
                  <mattext texttype="text/html">&lt;p&gt;Google Drive&lt;/p&gt;</mattext>
                </material>
              </response_label>
              <response_label ident="text2qti_choice_9db240398aa5b545a7540b454f95e9d54d6ddd4d3acfb15526cbe840848a27bd">
                <material>
                  <mattext texttype="text/html">&lt;p&gt;Moodle&lt;/p&gt;</mattext>
                </material>
              </response_label>
            </render_choice>
          </response_lid>
        </presentation>
        <resprocessing>
          <outcomes>
            <decvar maxvalue="100" minvalue="0" varname="SCORE" vartype="Decimal"/>
          </outcomes>
          <respcondition continue="No">
            <conditionvar>
              <varequal respident="response1">text2qti_choice_bcddb231165daaccb140b00e82b95ba773966fe5a13d6b54b95a7318b69da8a0</varequal>
            </conditionvar>
            <setvar action="Set" varname="SCORE">100</setvar>
          </respcondition>
        </resprocessing>
      </item>
      <item ident="text2qti_question_d1e244577e9b8fc10c9003a59cff968af01206e0e293ed9d254d913827924ea7" title="Question">
        <itemmetadata>
          <qtimetadata>
            <qtimetadatafield>
              <fieldlabel>question_type</fieldlabel>
              <fieldentry>multiple_choice_question</fieldentry>
            </qtimetadatafield>
            <qtimetadatafield>
              <fieldlabel>points_possible</fieldlabel>
              <fieldentry>1</fieldentry>
            </qtimetadatafield>
            <qtimetadatafield>
              <fieldlabel>original_answer_ids</fieldlabel>
              <fieldentry>text2qti_choice_ed215f904eb84306120cc25f21f22cd560bb847943a82d200b7314aa8c7e2658,text2qti_choice_b9156850e32ec7239460a14efb6dedd66625949a117b5ed22c8462a679abc3c0,text2qti_choice_056dedd8fe53261ac47a91666c5e5edf8a0ecf5ae957f25f80ae837d762c1155,text2qti_choice_7fe1d735509e5e6492b70078356d97886c584dd6c04e8f8b1127f1710b5e42fb</fieldentry>
            </qtimetadatafield>
            <qtimetadatafield>
              <fieldlabel>assessment_question_identifierref</fieldlabel>
              <fieldentry>text2qti_question_ref_d1e244577e9b8fc10c9003a59cff968af01206e0e293ed9d254d913827924ea7</fieldentry>
            </qtimetadatafield>
          </qtimetadata>
        </itemmetadata>
        <presentation>
          <material>
            <mattext texttype="text/html">&lt;p&gt;Who is responsible for collecting local data from Costa Rican communities?&lt;/p&gt;</mattext>
          </material>
          <response_lid ident="response1" rcardinality="Single">
            <render_choice>
              <response_label ident="text2qti_choice_ed215f904eb84306120cc25f21f22cd560bb847943a82d200b7314aa8c7e2658">
                <material>
                  <mattext texttype="text/html">&lt;p&gt;University of Florida students&lt;/p&gt;</mattext>
                </material>
              </response_label>
              <response_label ident="text2qti_choice_b9156850e32ec7239460a14efb6dedd66625949a117b5ed22c8462a679abc3c0">
                <material>
                  <mattext texttype="text/html">&lt;p&gt;UNED students&lt;/p&gt;</mattext>
                </material>
              </response_label>
              <response_label ident="text2qti_choice_056dedd8fe53261ac47a91666c5e5edf8a0ecf5ae957f25f80ae837d762c1155">
                <material>
                  <mattext texttype="text/html">&lt;p&gt;Both universities’ faculty&lt;/p&gt;</mattext>
                </material>
              </response_label>
              <response_label ident="text2qti_choice_7fe1d735509e5e6492b70078356d97886c584dd6c04e8f8b1127f1710b5e42fb">
                <material>
                  <mattext texttype="text/html">&lt;p&gt;External consultants&lt;/p&gt;</mattext>
                </material>
              </response_label>
            </render_choice>
          </response_lid>
        </presentation>
        <resprocessing>
          <outcomes>
            <decvar maxvalue="100" minvalue="0" varname="SCORE" vartype="Decimal"/>
          </outcomes>
          <respcondition continue="No">
            <conditionvar>
              <varequal respident="response1">text2qti_choice_b9156850e32ec7239460a14efb6dedd66625949a117b5ed22c8462a679abc3c0</varequal>
            </conditionvar>
            <setvar action="Set" varname="SCORE">100</setvar>
          </respcondition>
        </resprocessing>
      </item>
      <item ident="text2qti_question_101a0a8f7826e43a749583b863bc317369ec4ddd483d8d77e7ca3487ddbafc37" title="Question">
        <itemmetadata>
          <qtimetadata>
            <qtimetadatafield>
              <fieldlabel>question_type</fieldlabel>
              <fieldentry>multiple_choice_question</fieldentry>
            </qtimetadatafield>
            <qtimetadatafield>
              <fieldlabel>points_possible</fieldlabel>
              <fieldentry>1</fieldentry>
            </qtimetadatafield>
            <qtimetadatafield>
              <fieldlabel>original_answer_ids</fieldlabel>
              <fieldentry>text2qti_choice_1afebb5ad4d0bda7a17c8501de61bc8f547d33346a2b9c4641c91521a805dbb2,text2qti_choice_48a9aa36b40ba66f7d5f34fed42ef515cff892be92b57b97716e698df7470ec9,text2qti_choice_6c4b0a6337e85face8a85279d29c898e56e4c9a4968358ba33a4f08520537439,text2qti_choice_e7b56c3a6c4e8b62bc27eea69ec031dc5661a7faa3afd561011f0c35311c8486</fieldentry>
            </qtimetadatafield>
            <qtimetadatafield>
              <fieldlabel>assessment_question_identifierref</fieldlabel>
              <fieldentry>text2qti_question_ref_101a0a8f7826e43a749583b863bc317369ec4ddd483d8d77e7ca3487ddbafc37</fieldentry>
            </qtimetadatafield>
          </qtimetadata>
        </itemmetadata>
        <presentation>
          <material>
            <mattext texttype="text/html">&lt;p&gt;What type of presentation is required at the end of the project?&lt;/p&gt;</mattext>
          </material>
          <response_lid ident="response1" rcardinality="Single">
            <render_choice>
              <response_label ident="text2qti_choice_1afebb5ad4d0bda7a17c8501de61bc8f547d33346a2b9c4641c91521a805dbb2">
                <material>
                  <mattext texttype="text/html">&lt;p&gt;Written report only&lt;/p&gt;</mattext>
                </material>
              </response_label>
              <response_label ident="text2qti_choice_48a9aa36b40ba66f7d5f34fed42ef515cff892be92b57b97716e698df7470ec9">
                <material>
                  <mattext texttype="text/html">&lt;p&gt;Oral presentation with visual materials&lt;/p&gt;</mattext>
                </material>
              </response_label>
              <response_label ident="text2qti_choice_6c4b0a6337e85face8a85279d29c898e56e4c9a4968358ba33a4f08520537439">
                <material>
                  <mattext texttype="text/html">&lt;p&gt;Poster presentation&lt;/p&gt;</mattext>
                </material>
              </response_label>
              <response_label ident="text2qti_choice_e7b56c3a6c4e8b62bc27eea69ec031dc5661a7faa3afd561011f0c35311c8486">
                <material>
                  <mattext texttype="text/html">&lt;p&gt;Podcast episode&lt;/p&gt;</mattext>
                </material>
              </response_label>
            </render_choice>
          </response_lid>
        </presentation>
        <resprocessing>
          <outcomes>
            <decvar maxvalue="100" minvalue="0" varname="SCORE" vartype="Decimal"/>
          </outcomes>
          <respcondition continue="No">
            <conditionvar>
              <varequal respident="response1">text2qti_choice_48a9aa36b40ba66f7d5f34fed42ef515cff892be92b57b97716e698df7470ec9</varequal>
            </conditionvar>
            <setvar action="Set" varname="SCORE">100</setvar>
          </respcondition>
        </resprocessing>
      </item>
      <item ident="text2qti_question_1e9dd871d19c1dc167b41888c3a558d2e2991c1e828e32b8cd6338ef4fe6c7e0" title="Question">
        <itemmetadata>
          <qtimetadata>
            <qtimetadatafield>
              <fieldlabel>question_type</fieldlabel>
              <fieldentry>multiple_choice_question</fieldentry>
            </qtimetadatafield>
            <qtimetadatafield>
              <fieldlabel>points_possible</fieldlabel>
              <fieldentry>1</fieldentry>
            </qtimetadatafield>
            <qtimetadatafield>
              <fieldlabel>original_answer_ids</fieldlabel>
              <fieldentry>text2qti_choice_d9c7947ddf68aeba57c9094ff066366fc14df90acebd2fa9697aa8de0310fe26,text2qti_choice_bbe4a490612fa2aa3b915c242fdb33551a73e30c24b15f6b2256eda1f2f1c951,text2qti_choice_9cc6e9c338ddd9baeb34da513ffe1ea490e3e3a2478a29363d7e10e404832515,text2qti_choice_33d0dcd6e8627d24c219a4be65e962845ed12cdfea29a3338f395ccd5b1dd9b3</fieldentry>
            </qtimetadatafield>
            <qtimetadatafield>
              <fieldlabel>assessment_question_identifierref</fieldlabel>
              <fieldentry>text2qti_question_ref_1e9dd871d19c1dc167b41888c3a558d2e2991c1e828e32b8cd6338ef4fe6c7e0</fieldentry>
            </qtimetadatafield>
          </qtimetadata>
        </itemmetadata>
        <presentation>
          <material>
            <mattext texttype="text/html">&lt;p&gt;Which of the following is NOT a required element for the project’s cover page?&lt;/p&gt;</mattext>
          </material>
          <response_lid ident="response1" rcardinality="Single">
            <render_choice>
              <response_label ident="text2qti_choice_d9c7947ddf68aeba57c9094ff066366fc14df90acebd2fa9697aa8de0310fe26">
                <material>
                  <mattext texttype="text/html">&lt;p&gt;Names of the students&lt;/p&gt;</mattext>
                </material>
              </response_label>
              <response_label ident="text2qti_choice_bbe4a490612fa2aa3b915c242fdb33551a73e30c24b15f6b2256eda1f2f1c951">
                <material>
                  <mattext texttype="text/html">&lt;p&gt;Logos and names of UF and UNED&lt;/p&gt;</mattext>
                </material>
              </response_label>
              <response_label ident="text2qti_choice_9cc6e9c338ddd9baeb34da513ffe1ea490e3e3a2478a29363d7e10e404832515">
                <material>
                  <mattext texttype="text/html">&lt;p&gt;Table of contents&lt;/p&gt;</mattext>
                </material>
              </response_label>
              <response_label ident="text2qti_choice_33d0dcd6e8627d24c219a4be65e962845ed12cdfea29a3338f395ccd5b1dd9b3">
                <material>
                  <mattext texttype="text/html">&lt;p&gt;Month and year&lt;/p&gt;</mattext>
                </material>
              </response_label>
            </render_choice>
          </response_lid>
        </presentation>
        <resprocessing>
          <outcomes>
            <decvar maxvalue="100" minvalue="0" varname="SCORE" vartype="Decimal"/>
          </outcomes>
          <respcondition continue="No">
            <conditionvar>
              <varequal respident="response1">text2qti_choice_9cc6e9c338ddd9baeb34da513ffe1ea490e3e3a2478a29363d7e10e404832515</varequal>
            </conditionvar>
            <setvar action="Set" varname="SCORE">100</setvar>
          </respcondition>
        </resprocessing>
      </item>
      <item ident="text2qti_question_57e5a75a64a0d9b2a5935e25f09d1b784ba40b6d402ba85efe1defa7ac9bcd01" title="Question">
        <itemmetadata>
          <qtimetadata>
            <qtimetadatafield>
              <fieldlabel>question_type</fieldlabel>
              <fieldentry>multiple_answers_question</fieldentry>
            </qtimetadatafield>
            <qtimetadatafield>
              <fieldlabel>points_possible</fieldlabel>
              <fieldentry>1</fieldentry>
            </qtimetadatafield>
            <qtimetadatafield>
              <fieldlabel>original_answer_ids</fieldlabel>
              <fieldentry>text2qti_choice_fac3b7124173e98e83e0397145467bbcb2a8c597293a09bef7c9f747c9497155,text2qti_choice_b845607419f951f2ce294b5699dd584c1af534f149f1a799049c1d000ecde7f8,text2qti_choice_70c3237e9232b044174b515761398378af2c0f674b7b1832a89ed7c732ce4f22,text2qti_choice_f9ca8ab6d6fb88da2ea8ce187f8cdbbafa51be745dcbd26242fd53b32efe9c9f</fieldentry>
            </qtimetadatafield>
            <qtimetadatafield>
              <fieldlabel>assessment_question_identifierref</fieldlabel>
              <fieldentry>text2qti_question_ref_57e5a75a64a0d9b2a5935e25f09d1b784ba40b6d402ba85efe1defa7ac9bcd01</fieldentry>
            </qtimetadatafield>
          </qtimetadata>
        </itemmetadata>
        <presentation>
          <material>
            <mattext texttype="text/html">&lt;p&gt;Which of these are evaluated during the technical analysis phase? (Select all that apply)&lt;/p&gt;</mattext>
          </material>
          <response_lid ident="response1" rcardinality="Multiple">
            <render_choice>
              <response_label ident="text2qti_choice_fac3b7124173e98e83e0397145467bbcb2a8c597293a09bef7c9f747c9497155">
                <material>
                  <mattext texttype="text/html">&lt;p&gt;Internet speed and bandwidth&lt;/p&gt;</mattext>
                </material>
              </response_label>
              <response_label ident="text2qti_choice_b845607419f951f2ce294b5699dd584c1af534f149f1a799049c1d000ecde7f8">
                <material>
                  <mattext texttype="text/html">&lt;p&gt;Device compatibility&lt;/p&gt;</mattext>
                </material>
              </response_label>
              <response_label ident="text2qti_choice_70c3237e9232b044174b515761398378af2c0f674b7b1832a89ed7c732ce4f22">
                <material>
                  <mattext texttype="text/html">&lt;p&gt;Marketing strategy&lt;/p&gt;</mattext>
                </material>
              </response_label>
              <response_label ident="text2qti_choice_f9ca8ab6d6fb88da2ea8ce187f8cdbbafa51be745dcbd26242fd53b32efe9c9f">
                <material>
                  <mattext texttype="text/html">&lt;p&gt;Social media presence&lt;/p&gt;</mattext>
                </material>
              </response_label>
            </render_choice>
          </response_lid>
        </presentation>
        <resprocessing>
          <outcomes>
            <decvar maxvalue="100" minvalue="0" varname="SCORE" vartype="Decimal"/>
          </outcomes>
          <respcondition continue="No">
            <conditionvar>
              <and>
                <varequal respident="response1">text2qti_choice_fac3b7124173e98e83e0397145467bbcb2a8c597293a09bef7c9f747c9497155</varequal>
                <varequal respident="response1">text2qti_choice_b845607419f951f2ce294b5699dd584c1af534f149f1a799049c1d000ecde7f8</varequal>
                <not>
                  <varequal respident="response1">text2qti_choice_70c3237e9232b044174b515761398378af2c0f674b7b1832a89ed7c732ce4f22</varequal>
                </not>
                <not>
                  <varequal respident="response1">text2qti_choice_f9ca8ab6d6fb88da2ea8ce187f8cdbbafa51be745dcbd26242fd53b32efe9c9f</varequal>
                </not>
              </and>
            </conditionvar>
            <setvar action="Set" varname="SCORE">100</setvar>
          </respcondition>
        </resprocessing>
      </item>
      <item ident="text2qti_question_4fb2bd99fbafc1f8104718afc807bfe8720b95c0ecd9702931ddd1323b214acc" title="Question">
        <itemmetadata>
          <qtimetadata>
            <qtimetadatafield>
              <fieldlabel>question_type</fieldlabel>
              <fieldentry>multiple_answers_question</fieldentry>
            </qtimetadatafield>
            <qtimetadatafield>
              <fieldlabel>points_possible</fieldlabel>
              <fieldentry>1</fieldentry>
            </qtimetadatafield>
            <qtimetadatafield>
              <fieldlabel>original_answer_ids</fieldlabel>
              <fieldentry>text2qti_choice_e08e936782e9eb501bc1294af87fb03048e5111b905b1b273daf9b0b8f30f2b0,text2qti_choice_5cc3be26039739ef606c924214df023980116d026ba8ab7db93fedebfe8a9416,text2qti_choice_76f56908810ee195732a7ae0d159fdba44e9f25b3bbc6292960b4c7c2c1ba62b,text2qti_choice_5e831764a58ef2cc32c9c162e2e74368b955387328cc5887f0dd6490f218f7f8</fieldentry>
            </qtimetadatafield>
            <qtimetadatafield>
              <fieldlabel>assessment_question_identifierref</fieldlabel>
              <fieldentry>text2qti_question_ref_4fb2bd99fbafc1f8104718afc807bfe8720b95c0ecd9702931ddd1323b214acc</fieldentry>
            </qtimetadatafield>
          </qtimetadata>
        </itemmetadata>
        <presentation>
          <material>
            <mattext texttype="text/html">&lt;p&gt;Which activities are included in the academic and cultural profile video? (Select all that apply)&lt;/p&gt;</mattext>
          </material>
          <response_lid ident="response1" rcardinality="Multiple">
            <render_choice>
              <response_label ident="text2qti_choice_e08e936782e9eb501bc1294af87fb03048e5111b905b1b273daf9b0b8f30f2b0">
                <material>
                  <mattext texttype="text/html">&lt;p&gt;Describing favorite national holiday&lt;/p&gt;</mattext>
                </material>
              </response_label>
              <response_label ident="text2qti_choice_5cc3be26039739ef606c924214df023980116d026ba8ab7db93fedebfe8a9416">
                <material>
                  <mattext texttype="text/html">&lt;p&gt;Discussing technological tools used in academic life&lt;/p&gt;</mattext>
                </material>
              </response_label>
              <response_label ident="text2qti_choice_76f56908810ee195732a7ae0d159fdba44e9f25b3bbc6292960b4c7c2c1ba62b">
                <material>
                  <mattext texttype="text/html">&lt;p&gt;Coding a new software application&lt;/p&gt;</mattext>
                </material>
              </response_label>
              <response_label ident="text2qti_choice_5e831764a58ef2cc32c9c162e2e74368b955387328cc5887f0dd6490f218f7f8">
                <material>
                  <mattext texttype="text/html">&lt;p&gt;Listing all group members’ grades&lt;/p&gt;</mattext>
                </material>
              </response_label>
            </render_choice>
          </response_lid>
        </presentation>
        <resprocessing>
          <outcomes>
            <decvar maxvalue="100" minvalue="0" varname="SCORE" vartype="Decimal"/>
          </outcomes>
          <respcondition continue="No">
            <conditionvar>
              <and>
                <varequal respident="response1">text2qti_choice_e08e936782e9eb501bc1294af87fb03048e5111b905b1b273daf9b0b8f30f2b0</varequal>
                <varequal respident="response1">text2qti_choice_5cc3be26039739ef606c924214df023980116d026ba8ab7db93fedebfe8a9416</varequal>
                <not>
                  <varequal respident="response1">text2qti_choice_76f56908810ee195732a7ae0d159fdba44e9f25b3bbc6292960b4c7c2c1ba62b</varequal>
                </not>
                <not>
                  <varequal respident="response1">text2qti_choice_5e831764a58ef2cc32c9c162e2e74368b955387328cc5887f0dd6490f218f7f8</varequal>
                </not>
              </and>
            </conditionvar>
            <setvar action="Set" varname="SCORE">100</setvar>
          </respcondition>
        </resprocessing>
      </item>
      <item ident="text2qti_question_5956b4582c4d0bfd0881e3bb7938e040aec7a04a276debf6cf3b48a56189ee0d" title="Question">
        <itemmetadata>
          <qtimetadata>
            <qtimetadatafield>
              <fieldlabel>question_type</fieldlabel>
              <fieldentry>true_false_question</fieldentry>
            </qtimetadatafield>
            <qtimetadatafield>
              <fieldlabel>points_possible</fieldlabel>
              <fieldentry>1</fieldentry>
            </qtimetadatafield>
            <qtimetadatafield>
              <fieldlabel>original_answer_ids</fieldlabel>
              <fieldentry>text2qti_choice_93cf768bb2867a06436fa1151d8a4acc55340386ab2433969210d44c48e2712e,text2qti_choice_6ad81513cefb6ebc9fc3f39001abff49a062d4863408c75124f7493e21231670</fieldentry>
            </qtimetadatafield>
            <qtimetadatafield>
              <fieldlabel>assessment_question_identifierref</fieldlabel>
              <fieldentry>text2qti_question_ref_5956b4582c4d0bfd0881e3bb7938e040aec7a04a276debf6cf3b48a56189ee0d</fieldentry>
            </qtimetadatafield>
          </qtimetadata>
        </itemmetadata>
        <presentation>
          <material>
            <mattext texttype="text/html">&lt;p&gt;The entire project must be documented in both English and Spanish.&lt;/p&gt;</mattext>
          </material>
          <response_lid ident="response1" rcardinality="Single">
            <render_choice>
              <response_label ident="text2qti_choice_93cf768bb2867a06436fa1151d8a4acc55340386ab2433969210d44c48e2712e">
                <material>
                  <mattext texttype="text/html">&lt;p&gt;True&lt;/p&gt;</mattext>
                </material>
              </response_label>
              <response_label ident="text2qti_choice_6ad81513cefb6ebc9fc3f39001abff49a062d4863408c75124f7493e21231670">
                <material>
                  <mattext texttype="text/html">&lt;p&gt;False&lt;/p&gt;</mattext>
                </material>
              </response_label>
            </render_choice>
          </response_lid>
        </presentation>
        <resprocessing>
          <outcomes>
            <decvar maxvalue="100" minvalue="0" varname="SCORE" vartype="Decimal"/>
          </outcomes>
          <respcondition continue="No">
            <conditionvar>
              <varequal respident="response1">text2qti_choice_93cf768bb2867a06436fa1151d8a4acc55340386ab2433969210d44c48e2712e</varequal>
            </conditionvar>
            <setvar action="Set" varname="SCORE">100</setvar>
          </respcondition>
        </resprocessing>
      </item>
      <item ident="text2qti_question_427fefb32e0d1ae7acab7c53ca6c535e3f6cb46fbd117408bed20aceb4eea420" title="Question">
        <itemmetadata>
          <qtimetadata>
            <qtimetadatafield>
              <fieldlabel>question_type</fieldlabel>
              <fieldentry>true_false_question</fieldentry>
            </qtimetadatafield>
            <qtimetadatafield>
              <fieldlabel>points_possible</fieldlabel>
              <fieldentry>1</fieldentry>
            </qtimetadatafield>
            <qtimetadatafield>
              <fieldlabel>original_answer_ids</fieldlabel>
              <fieldentry>text2qti_choice_048e5e45a10723e12399082c570a96b354a030861b800bf1fb895fe1b58a997d,text2qti_choice_6af4d2f978f00686c2711cb0778e06170f011e145d0e03ecf593749da7387ecc</fieldentry>
            </qtimetadatafield>
            <qtimetadatafield>
              <fieldlabel>assessment_question_identifierref</fieldlabel>
              <fieldentry>text2qti_question_ref_427fefb32e0d1ae7acab7c53ca6c535e3f6cb46fbd117408bed20aceb4eea420</fieldentry>
            </qtimetadatafield>
          </qtimetadata>
        </itemmetadata>
        <presentation>
          <material>
            <mattext texttype="text/html">&lt;p&gt;Students are encouraged to use AI tools for writing and grammar checking.&lt;/p&gt;</mattext>
          </material>
          <response_lid ident="response1" rcardinality="Single">
            <render_choice>
              <response_label ident="text2qti_choice_048e5e45a10723e12399082c570a96b354a030861b800bf1fb895fe1b58a997d">
                <material>
                  <mattext texttype="text/html">&lt;p&gt;True&lt;/p&gt;</mattext>
                </material>
              </response_label>
              <response_label ident="text2qti_choice_6af4d2f978f00686c2711cb0778e06170f011e145d0e03ecf593749da7387ecc">
                <material>
                  <mattext texttype="text/html">&lt;p&gt;False&lt;/p&gt;</mattext>
                </material>
              </response_label>
            </render_choice>
          </response_lid>
        </presentation>
        <resprocessing>
          <outcomes>
            <decvar maxvalue="100" minvalue="0" varname="SCORE" vartype="Decimal"/>
          </outcomes>
          <respcondition continue="No">
            <conditionvar>
              <varequal respident="response1">text2qti_choice_048e5e45a10723e12399082c570a96b354a030861b800bf1fb895fe1b58a997d</varequal>
            </conditionvar>
            <setvar action="Set" varname="SCORE">100</setvar>
          </respcondition>
        </resprocessing>
      </item>
      <item ident="text2qti_question_7051be4b773823734c3d3d8585111ae151e68fcf90400f4ade84092d774a0481" title="Question">
        <itemmetadata>
          <qtimetadata>
            <qtimetadatafield>
              <fieldlabel>question_type</fieldlabel>
              <fieldentry>true_false_question</fieldentry>
            </qtimetadatafield>
            <qtimetadatafield>
              <fieldlabel>points_possible</fieldlabel>
              <fieldentry>1</fieldentry>
            </qtimetadatafield>
            <qtimetadatafield>
              <fieldlabel>original_answer_ids</fieldlabel>
              <fieldentry>text2qti_choice_d09abd554582ba8751421a7d5120935b18f36942695a257295b132c9ec26fb3b,text2qti_choice_bc5d70ebd0af270eaad9e41e5d1d4bc60c042350ab4f2a430b8ef38bd2ed74b8</fieldentry>
            </qtimetadatafield>
            <qtimetadatafield>
              <fieldlabel>assessment_question_identifierref</fieldlabel>
              <fieldentry>text2qti_question_ref_7051be4b773823734c3d3d8585111ae151e68fcf90400f4ade84092d774a0481</fieldentry>
            </qtimetadatafield>
          </qtimetadata>
        </itemmetadata>
        <presentation>
          <material>
            <mattext texttype="text/html">&lt;p&gt;The video component may be casual and relaxed as long as it is respectful and clear.&lt;/p&gt;</mattext>
          </material>
          <response_lid ident="response1" rcardinality="Single">
            <render_choice>
              <response_label ident="text2qti_choice_d09abd554582ba8751421a7d5120935b18f36942695a257295b132c9ec26fb3b">
                <material>
                  <mattext texttype="text/html">&lt;p&gt;True&lt;/p&gt;</mattext>
                </material>
              </response_label>
              <response_label ident="text2qti_choice_bc5d70ebd0af270eaad9e41e5d1d4bc60c042350ab4f2a430b8ef38bd2ed74b8">
                <material>
                  <mattext texttype="text/html">&lt;p&gt;False&lt;/p&gt;</mattext>
                </material>
              </response_label>
            </render_choice>
          </response_lid>
        </presentation>
        <resprocessing>
          <outcomes>
            <decvar maxvalue="100" minvalue="0" varname="SCORE" vartype="Decimal"/>
          </outcomes>
          <respcondition continue="No">
            <conditionvar>
              <varequal respident="response1">text2qti_choice_d09abd554582ba8751421a7d5120935b18f36942695a257295b132c9ec26fb3b</varequal>
            </conditionvar>
            <setvar action="Set" varname="SCORE">100</setvar>
          </respcondition>
        </resprocessing>
      </item>
      <item ident="text2qti_question_85242e7212633d642cabcac1adaad7a2ca2ebc7d7a0ac40f773f723469cacbd1" title="Question">
        <itemmetadata>
          <qtimetadata>
            <qtimetadatafield>
              <fieldlabel>question_type</fieldlabel>
              <fieldentry>multiple_choice_question</fieldentry>
            </qtimetadatafield>
            <qtimetadatafield>
              <fieldlabel>points_possible</fieldlabel>
              <fieldentry>1</fieldentry>
            </qtimetadatafield>
            <qtimetadatafield>
              <fieldlabel>original_answer_ids</fieldlabel>
              <fieldentry>text2qti_choice_0279a1d1a3cd4de12ea33e14be7f577d720ab6ca5311a0ea9706d2181fae85e3,text2qti_choice_e0afadd1b80b723f8d57d45168b6a00db8379306f5785eb0a896d40f93857a66,text2qti_choice_c86371369c3fdbbf880896166b364fb1950c987977428c97e3b54a9e0cfe0b31,text2qti_choice_c58a045307b5efb70a16de7684bef1561e6f137a26fec2522cf1f564ca839125</fieldentry>
            </qtimetadatafield>
            <qtimetadatafield>
              <fieldlabel>assessment_question_identifierref</fieldlabel>
              <fieldentry>text2qti_question_ref_85242e7212633d642cabcac1adaad7a2ca2ebc7d7a0ac40f773f723469cacbd1</fieldentry>
            </qtimetadatafield>
          </qtimetadata>
        </itemmetadata>
        <presentation>
          <material>
            <mattext texttype="text/html">&lt;p&gt;What is one of the data points UNED students must collect from their communities?&lt;/p&gt;</mattext>
          </material>
          <response_lid ident="response1" rcardinality="Single">
            <render_choice>
              <response_label ident="text2qti_choice_0279a1d1a3cd4de12ea33e14be7f577d720ab6ca5311a0ea9706d2181fae85e3">
                <material>
                  <mattext texttype="text/html">&lt;p&gt;Weather patterns&lt;/p&gt;</mattext>
                </material>
              </response_label>
              <response_label ident="text2qti_choice_e0afadd1b80b723f8d57d45168b6a00db8379306f5785eb0a896d40f93857a66">
                <material>
                  <mattext texttype="text/html">&lt;p&gt;Local political affiliations&lt;/p&gt;</mattext>
                </material>
              </response_label>
              <response_label ident="text2qti_choice_c86371369c3fdbbf880896166b364fb1950c987977428c97e3b54a9e0cfe0b31">
                <material>
                  <mattext texttype="text/html">&lt;p&gt;Average internet speed&lt;/p&gt;</mattext>
                </material>
              </response_label>
              <response_label ident="text2qti_choice_c58a045307b5efb70a16de7684bef1561e6f137a26fec2522cf1f564ca839125">
                <material>
                  <mattext texttype="text/html">&lt;p&gt;Number of restaurants&lt;/p&gt;</mattext>
                </material>
              </response_label>
            </render_choice>
          </response_lid>
        </presentation>
        <resprocessing>
          <outcomes>
            <decvar maxvalue="100" minvalue="0" varname="SCORE" vartype="Decimal"/>
          </outcomes>
          <respcondition continue="No">
            <conditionvar>
              <varequal respident="response1">text2qti_choice_c86371369c3fdbbf880896166b364fb1950c987977428c97e3b54a9e0cfe0b31</varequal>
            </conditionvar>
            <setvar action="Set" varname="SCORE">100</setvar>
          </respcondition>
        </resprocessing>
      </item>
      <item ident="text2qti_question_348b1bbf30592c5cf64edf3f4d37a54022e2eff02d9f20fd0368b9ce30640dc9" title="Question">
        <itemmetadata>
          <qtimetadata>
            <qtimetadatafield>
              <fieldlabel>question_type</fieldlabel>
              <fieldentry>multiple_choice_question</fieldentry>
            </qtimetadatafield>
            <qtimetadatafield>
              <fieldlabel>points_possible</fieldlabel>
              <fieldentry>1</fieldentry>
            </qtimetadatafield>
            <qtimetadatafield>
              <fieldlabel>original_answer_ids</fieldlabel>
              <fieldentry>text2qti_choice_9f23b59b2b15907b24ed570faa34d3a5d10fce8c4af0331af938b519f9af6070,text2qti_choice_f4e1dd074ae2ac70330e5ea1ca0c4540696b3066116c530ed79524827ca944fe,text2qti_choice_415745a96250ca3270f1f89761560039bffe82e9090ab40bac4fe0ab6b88d916,text2qti_choice_878ffb0d3cdac65a53d8e22dbb03948a409f449f0590e806b65e09fdc6b2b1db</fieldentry>
            </qtimetadatafield>
            <qtimetadatafield>
              <fieldlabel>assessment_question_identifierref</fieldlabel>
              <fieldentry>text2qti_question_ref_348b1bbf30592c5cf64edf3f4d37a54022e2eff02d9f20fd0368b9ce30640dc9</fieldentry>
            </qtimetadatafield>
          </qtimetadata>
        </itemmetadata>
        <presentation>
          <material>
            <mattext texttype="text/html">&lt;p&gt;Which operating systems should be considered during device compatibility tests?&lt;/p&gt;</mattext>
          </material>
          <response_lid ident="response1" rcardinality="Single">
            <render_choice>
              <response_label ident="text2qti_choice_9f23b59b2b15907b24ed570faa34d3a5d10fce8c4af0331af938b519f9af6070">
                <material>
                  <mattext texttype="text/html">&lt;p&gt;Only Windows and Android&lt;/p&gt;</mattext>
                </material>
              </response_label>
              <response_label ident="text2qti_choice_f4e1dd074ae2ac70330e5ea1ca0c4540696b3066116c530ed79524827ca944fe">
                <material>
                  <mattext texttype="text/html">&lt;p&gt;Only Linux and iOS&lt;/p&gt;</mattext>
                </material>
              </response_label>
              <response_label ident="text2qti_choice_415745a96250ca3270f1f89761560039bffe82e9090ab40bac4fe0ab6b88d916">
                <material>
                  <mattext texttype="text/html">&lt;p&gt;Windows, macOS, Android, and iOS&lt;/p&gt;</mattext>
                </material>
              </response_label>
              <response_label ident="text2qti_choice_878ffb0d3cdac65a53d8e22dbb03948a409f449f0590e806b65e09fdc6b2b1db">
                <material>
                  <mattext texttype="text/html">&lt;p&gt;DOS and UNIX&lt;/p&gt;</mattext>
                </material>
              </response_label>
            </render_choice>
          </response_lid>
        </presentation>
        <resprocessing>
          <outcomes>
            <decvar maxvalue="100" minvalue="0" varname="SCORE" vartype="Decimal"/>
          </outcomes>
          <respcondition continue="No">
            <conditionvar>
              <varequal respident="response1">text2qti_choice_415745a96250ca3270f1f89761560039bffe82e9090ab40bac4fe0ab6b88d916</varequal>
            </conditionvar>
            <setvar action="Set" varname="SCORE">100</setvar>
          </respcondition>
        </resprocessing>
      </item>
      <item ident="text2qti_question_ee9c739436ddc50d570ae200f9e67b11390c1d4865c3729349035c754b96d885" title="Question">
        <itemmetadata>
          <qtimetadata>
            <qtimetadatafield>
              <fieldlabel>question_type</fieldlabel>
              <fieldentry>multiple_answers_question</fieldentry>
            </qtimetadatafield>
            <qtimetadatafield>
              <fieldlabel>points_possible</fieldlabel>
              <fieldentry>1</fieldentry>
            </qtimetadatafield>
            <qtimetadatafield>
              <fieldlabel>original_answer_ids</fieldlabel>
              <fieldentry>text2qti_choice_720fcfb638ffa259122ed9d4b5661d081ca7316622ea51830985b70b0276b5a7,text2qti_choice_c81c2b0bdfecb83d4908c233cf8e828dc070bfebaeb36ebe4fbf8478162804a8,text2qti_choice_1587be5f9d1496ac1f5cd4ae3015e6b8bf07ef9ae0877a8081c230d8f8050082,text2qti_choice_473992092760e7426a09c6bb1c3c10f5d26d9f9999eb79adc15076cb11d97e04</fieldentry>
            </qtimetadatafield>
            <qtimetadatafield>
              <fieldlabel>assessment_question_identifierref</fieldlabel>
              <fieldentry>text2qti_question_ref_ee9c739436ddc50d570ae200f9e67b11390c1d4865c3729349035c754b96d885</fieldentry>
            </qtimetadatafield>
          </qtimetadata>
        </itemmetadata>
        <presentation>
          <material>
            <mattext texttype="text/html">&lt;p&gt;Which of these are guidelines for the written project document? (Select all that apply)&lt;/p&gt;</mattext>
          </material>
          <response_lid ident="response1" rcardinality="Multiple">
            <render_choice>
              <response_label ident="text2qti_choice_720fcfb638ffa259122ed9d4b5661d081ca7316622ea51830985b70b0276b5a7">
                <material>
                  <mattext texttype="text/html">&lt;p&gt;Use Arial, Tahoma, or Calibri font, size 12, black color&lt;/p&gt;</mattext>
                </material>
              </response_label>
              <response_label ident="text2qti_choice_c81c2b0bdfecb83d4908c233cf8e828dc070bfebaeb36ebe4fbf8478162804a8">
                <material>
                  <mattext texttype="text/html">&lt;p&gt;Include a cover page with specified information&lt;/p&gt;</mattext>
                </material>
              </response_label>
              <response_label ident="text2qti_choice_1587be5f9d1496ac1f5cd4ae3015e6b8bf07ef9ae0877a8081c230d8f8050082">
                <material>
                  <mattext texttype="text/html">&lt;p&gt;Use only handwritten notes&lt;/p&gt;</mattext>
                </material>
              </response_label>
              <response_label ident="text2qti_choice_473992092760e7426a09c6bb1c3c10f5d26d9f9999eb79adc15076cb11d97e04">
                <material>
                  <mattext texttype="text/html">&lt;p&gt;Submit in PDF format only&lt;/p&gt;</mattext>
                </material>
              </response_label>
            </render_choice>
          </response_lid>
        </presentation>
        <resprocessing>
          <outcomes>
            <decvar maxvalue="100" minvalue="0" varname="SCORE" vartype="Decimal"/>
          </outcomes>
          <respcondition continue="No">
            <conditionvar>
              <and>
                <varequal respident="response1">text2qti_choice_720fcfb638ffa259122ed9d4b5661d081ca7316622ea51830985b70b0276b5a7</varequal>
                <varequal respident="response1">text2qti_choice_c81c2b0bdfecb83d4908c233cf8e828dc070bfebaeb36ebe4fbf8478162804a8</varequal>
                <not>
                  <varequal respident="response1">text2qti_choice_1587be5f9d1496ac1f5cd4ae3015e6b8bf07ef9ae0877a8081c230d8f8050082</varequal>
                </not>
                <not>
                  <varequal respident="response1">text2qti_choice_473992092760e7426a09c6bb1c3c10f5d26d9f9999eb79adc15076cb11d97e04</varequal>
                </not>
              </and>
            </conditionvar>
            <setvar action="Set" varname="SCORE">100</setvar>
          </respcondition>
        </resprocessing>
      </item>
      <item ident="text2qti_question_e9658737cd7151b9b5cfc9f3f6defee8ff3cbfb166442b720bc41800f1bcdc43" title="Question">
        <itemmetadata>
          <qtimetadata>
            <qtimetadatafield>
              <fieldlabel>question_type</fieldlabel>
              <fieldentry>true_false_question</fieldentry>
            </qtimetadatafield>
            <qtimetadatafield>
              <fieldlabel>points_possible</fieldlabel>
              <fieldentry>1</fieldentry>
            </qtimetadatafield>
            <qtimetadatafield>
              <fieldlabel>original_answer_ids</fieldlabel>
              <fieldentry>text2qti_choice_b6f3b0e302eff16c2b7f6d5bed14044a9189c6c17f5b25ebe53fd7f6a3e6e338,text2qti_choice_31318acbda58d68d2114cf01de82dd1c00c8dccae2e8a744beb8fce6b362d016</fieldentry>
            </qtimetadatafield>
            <qtimetadatafield>
              <fieldlabel>assessment_question_identifierref</fieldlabel>
              <fieldentry>text2qti_question_ref_e9658737cd7151b9b5cfc9f3f6defee8ff3cbfb166442b720bc41800f1bcdc43</fieldentry>
            </qtimetadatafield>
          </qtimetadata>
        </itemmetadata>
        <presentation>
          <material>
            <mattext texttype="text/html">&lt;p&gt;The technical analysis phase includes evaluating hardware requirements such as processor, RAM, and storage.&lt;/p&gt;</mattext>
          </material>
          <response_lid ident="response1" rcardinality="Single">
            <render_choice>
              <response_label ident="text2qti_choice_b6f3b0e302eff16c2b7f6d5bed14044a9189c6c17f5b25ebe53fd7f6a3e6e338">
                <material>
                  <mattext texttype="text/html">&lt;p&gt;True&lt;/p&gt;</mattext>
                </material>
              </response_label>
              <response_label ident="text2qti_choice_31318acbda58d68d2114cf01de82dd1c00c8dccae2e8a744beb8fce6b362d016">
                <material>
                  <mattext texttype="text/html">&lt;p&gt;False&lt;/p&gt;</mattext>
                </material>
              </response_label>
            </render_choice>
          </response_lid>
        </presentation>
        <resprocessing>
          <outcomes>
            <decvar maxvalue="100" minvalue="0" varname="SCORE" vartype="Decimal"/>
          </outcomes>
          <respcondition continue="No">
            <conditionvar>
              <varequal respident="response1">text2qti_choice_b6f3b0e302eff16c2b7f6d5bed14044a9189c6c17f5b25ebe53fd7f6a3e6e338</varequal>
            </conditionvar>
            <setvar action="Set" varname="SCORE">100</setvar>
          </respcondition>
        </resprocessing>
      </item>
    </section>
  </assessment>
</questestinterop>
