<?xml version="1.0" encoding="UTF-8"?>
<questestinterop xmlns="http://www.imsglobal.org/xsd/ims_qtiasiv1p2" xmlns:xsi="http://www.w3.org/2001/XMLSchema-instance" xsi:schemaLocation="http://www.imsglobal.org/xsd/ims_qtiasiv1p2 http://www.imsglobal.org/xsd/ims_qtiasiv1p2p1.xsd">
  <assessment ident="text2qti_assessment_8eca77a1edc5f292ec8b814d71cae742284db985d3f44e456a7f3003c7b510a0" title="Quiz">
    <qtimetadata>
      <qtimetadatafield>
        <fieldlabel>cc_maxattempts</fieldlabel>
        <fieldentry>1</fieldentry>
      </qtimetadatafield>
    </qtimetadata>
    <section ident="root_section">
      <item ident="text2qti_question_d6990a2b1ac8d80971b405b656a9b3da2e6cc06b0280a43ab118869e0d979f6e" title="Question">
        <itemmetadata>
          <qtimetadata>
            <qtimetadatafield>
              <fieldlabel>question_type</fieldlabel>
              <fieldentry>multiple_choice_question</fieldentry>
            </qtimetadatafield>
            <qtimetadatafield>
              <fieldlabel>points_possible</fieldlabel>
              <fieldentry>1</fieldentry>
            </qtimetadatafield>
            <qtimetadatafield>
              <fieldlabel>original_answer_ids</fieldlabel>
              <fieldentry>text2qti_choice_03c9dab56dd9dd0761908eac6bfeb81d490a35370d6ea98ed9232219acbe0098,text2qti_choice_10f3f85ddf51fc2e02574e5a9c5eb7950026a5e68fc41141d783cfa201396c9f,text2qti_choice_60477cbc34eb58ade56d708b2d75a1c5af910c6d7929f8d9b71d53c079c70a05,text2qti_choice_f68bb3ecc13d59ebf4d2bc1eb98f297edb87c3ad8c7775589790e97e057cfe6c</fieldentry>
            </qtimetadatafield>
            <qtimetadatafield>
              <fieldlabel>assessment_question_identifierref</fieldlabel>
              <fieldentry>text2qti_question_ref_d6990a2b1ac8d80971b405b656a9b3da2e6cc06b0280a43ab118869e0d979f6e</fieldentry>
            </qtimetadatafield>
          </qtimetadata>
        </itemmetadata>
        <presentation>
          <material>
            <mattext texttype="text/html">&lt;p&gt;¿Cuál era uno de los objetivos de la unidad 13?&lt;/p&gt;</mattext>
          </material>
          <response_lid ident="response1" rcardinality="Single">
            <render_choice>
              <response_label ident="text2qti_choice_03c9dab56dd9dd0761908eac6bfeb81d490a35370d6ea98ed9232219acbe0098">
                <material>
                  <mattext texttype="text/html">&lt;p&gt;Aprender a distinguir entre presente y futuro.&lt;/p&gt;</mattext>
                </material>
              </response_label>
              <response_label ident="text2qti_choice_10f3f85ddf51fc2e02574e5a9c5eb7950026a5e68fc41141d783cfa201396c9f">
                <material>
                  <mattext texttype="text/html">&lt;p&gt;Uso de pistas adverbiales para entender el aspecto del pasado.&lt;/p&gt;</mattext>
                </material>
              </response_label>
              <response_label ident="text2qti_choice_60477cbc34eb58ade56d708b2d75a1c5af910c6d7929f8d9b71d53c079c70a05">
                <material>
                  <mattext texttype="text/html">&lt;p&gt;Entender las diferencias gramaticales entre francés y español.&lt;/p&gt;</mattext>
                </material>
              </response_label>
              <response_label ident="text2qti_choice_f68bb3ecc13d59ebf4d2bc1eb98f297edb87c3ad8c7775589790e97e057cfe6c">
                <material>
                  <mattext texttype="text/html">&lt;p&gt;Memorizar vocabulario sobre tecnología.&lt;/p&gt;</mattext>
                </material>
              </response_label>
            </render_choice>
          </response_lid>
        </presentation>
        <resprocessing>
          <outcomes>
            <decvar maxvalue="100" minvalue="0" varname="SCORE" vartype="Decimal"/>
          </outcomes>
          <respcondition continue="No">
            <conditionvar>
              <varequal respident="response1">text2qti_choice_10f3f85ddf51fc2e02574e5a9c5eb7950026a5e68fc41141d783cfa201396c9f</varequal>
            </conditionvar>
            <setvar action="Set" varname="SCORE">100</setvar>
          </respcondition>
        </resprocessing>
      </item>
      <item ident="text2qti_question_f55eef83d9b274742817fbdd4116415d8e9e6799e86847f5ee096eefe338170a" title="Question">
        <itemmetadata>
          <qtimetadata>
            <qtimetadatafield>
              <fieldlabel>question_type</fieldlabel>
              <fieldentry>multiple_choice_question</fieldentry>
            </qtimetadatafield>
            <qtimetadatafield>
              <fieldlabel>points_possible</fieldlabel>
              <fieldentry>1</fieldentry>
            </qtimetadatafield>
            <qtimetadatafield>
              <fieldlabel>original_answer_ids</fieldlabel>
              <fieldentry>text2qti_choice_d5a3a9db1fe57b60e0570cf2bf989545f86e0ed44a898496c75d9c84dd79b3ea,text2qti_choice_df8a577d397c88af378d5d8e655f4d4b91a9e4d95ec2df92c05f09e79ff1a75c</fieldentry>
            </qtimetadatafield>
            <qtimetadatafield>
              <fieldlabel>assessment_question_identifierref</fieldlabel>
              <fieldentry>text2qti_question_ref_f55eef83d9b274742817fbdd4116415d8e9e6799e86847f5ee096eefe338170a</fieldentry>
            </qtimetadatafield>
          </qtimetadata>
        </itemmetadata>
        <presentation>
          <material>
            <mattext texttype="text/html">&lt;p&gt;Verdadero o Falso: Uno de los objetivos de la unidad 13 es explorar las tendencias migratorias en los países de habla hispana.&lt;/p&gt;</mattext>
          </material>
          <response_lid ident="response1" rcardinality="Single">
            <render_choice>
              <response_label ident="text2qti_choice_d5a3a9db1fe57b60e0570cf2bf989545f86e0ed44a898496c75d9c84dd79b3ea">
                <material>
                  <mattext texttype="text/html">&lt;p&gt;Verdadero.&lt;/p&gt;</mattext>
                </material>
              </response_label>
              <response_label ident="text2qti_choice_df8a577d397c88af378d5d8e655f4d4b91a9e4d95ec2df92c05f09e79ff1a75c">
                <material>
                  <mattext texttype="text/html">&lt;p&gt;Falso.&lt;/p&gt;</mattext>
                </material>
              </response_label>
            </render_choice>
          </response_lid>
        </presentation>
        <resprocessing>
          <outcomes>
            <decvar maxvalue="100" minvalue="0" varname="SCORE" vartype="Decimal"/>
          </outcomes>
          <respcondition continue="No">
            <conditionvar>
              <varequal respident="response1">text2qti_choice_d5a3a9db1fe57b60e0570cf2bf989545f86e0ed44a898496c75d9c84dd79b3ea</varequal>
            </conditionvar>
            <setvar action="Set" varname="SCORE">100</setvar>
          </respcondition>
        </resprocessing>
      </item>
      <item ident="text2qti_question_c217903e049778d6400967a72fbb356d9c9f96b2e60aa34dfa9f8dabd4217d7d" title="Question">
        <itemmetadata>
          <qtimetadata>
            <qtimetadatafield>
              <fieldlabel>question_type</fieldlabel>
              <fieldentry>multiple_choice_question</fieldentry>
            </qtimetadatafield>
            <qtimetadatafield>
              <fieldlabel>points_possible</fieldlabel>
              <fieldentry>1</fieldentry>
            </qtimetadatafield>
            <qtimetadatafield>
              <fieldlabel>original_answer_ids</fieldlabel>
              <fieldentry>text2qti_choice_3288f3264481d4abd7c9af3c792888a50b8142e33a396be2dbf388e53e53349a,text2qti_choice_053a0b606e0a1a411ad16358b26761208715655f6e2853f2c45fcdc758493c70,text2qti_choice_75ef9092a1236cdf4bd5769b51cdf0a29049b104dd65eb2a77559177541a3cbb,text2qti_choice_c82f65804b82689a2d24e21be3d42aece27aab11d2184b20c9f5fe6b3b13124b</fieldentry>
            </qtimetadatafield>
            <qtimetadatafield>
              <fieldlabel>assessment_question_identifierref</fieldlabel>
              <fieldentry>text2qti_question_ref_c217903e049778d6400967a72fbb356d9c9f96b2e60aa34dfa9f8dabd4217d7d</fieldentry>
            </qtimetadatafield>
          </qtimetadata>
        </itemmetadata>
        <presentation>
          <material>
            <mattext texttype="text/html">&lt;p&gt;¿Qué aspecto se explora en la Unidad 14?&lt;/p&gt;</mattext>
          </material>
          <response_lid ident="response1" rcardinality="Single">
            <render_choice>
              <response_label ident="text2qti_choice_3288f3264481d4abd7c9af3c792888a50b8142e33a396be2dbf388e53e53349a">
                <material>
                  <mattext texttype="text/html">&lt;p&gt;La vida diaria en el futuro.&lt;/p&gt;</mattext>
                </material>
              </response_label>
              <response_label ident="text2qti_choice_053a0b606e0a1a411ad16358b26761208715655f6e2853f2c45fcdc758493c70">
                <material>
                  <mattext texttype="text/html">&lt;p&gt;La pronunciación de la letra &amp;ldquo;l&amp;rdquo;.&lt;/p&gt;</mattext>
                </material>
              </response_label>
              <response_label ident="text2qti_choice_75ef9092a1236cdf4bd5769b51cdf0a29049b104dd65eb2a77559177541a3cbb">
                <material>
                  <mattext texttype="text/html">&lt;p&gt;La historia de un museo de arte en Argentina.&lt;/p&gt;</mattext>
                </material>
              </response_label>
              <response_label ident="text2qti_choice_c82f65804b82689a2d24e21be3d42aece27aab11d2184b20c9f5fe6b3b13124b">
                <material>
                  <mattext texttype="text/html">&lt;p&gt;La ciencia moderna.&lt;/p&gt;</mattext>
                </material>
              </response_label>
            </render_choice>
          </response_lid>
        </presentation>
        <resprocessing>
          <outcomes>
            <decvar maxvalue="100" minvalue="0" varname="SCORE" vartype="Decimal"/>
          </outcomes>
          <respcondition continue="No">
            <conditionvar>
              <varequal respident="response1">text2qti_choice_75ef9092a1236cdf4bd5769b51cdf0a29049b104dd65eb2a77559177541a3cbb</varequal>
            </conditionvar>
            <setvar action="Set" varname="SCORE">100</setvar>
          </respcondition>
        </resprocessing>
      </item>
      <item ident="text2qti_question_433bfd7954673eeadb98d32d0e9aa87e86ee52f094a1ab1e1d0be0dac2742291" title="Question">
        <itemmetadata>
          <qtimetadata>
            <qtimetadatafield>
              <fieldlabel>question_type</fieldlabel>
              <fieldentry>multiple_choice_question</fieldentry>
            </qtimetadatafield>
            <qtimetadatafield>
              <fieldlabel>points_possible</fieldlabel>
              <fieldentry>1</fieldentry>
            </qtimetadatafield>
            <qtimetadatafield>
              <fieldlabel>original_answer_ids</fieldlabel>
              <fieldentry>text2qti_choice_cb07534b13bafd96dda3fff5c788899b45a5837638a761ba39935832c35ca359,text2qti_choice_3f67cfe94fa16b781532b7d4b89a3961a38c424c84cca57527939673a9884f45,text2qti_choice_fd61491650a916bb2ef195eb294f88bc6ae2155bf30dc08817745f681e8c433e,text2qti_choice_2de79e98f440ba7d222d8b2fcc23096b4214c863b1251e7de74bd5f756c2a24f</fieldentry>
            </qtimetadatafield>
            <qtimetadatafield>
              <fieldlabel>assessment_question_identifierref</fieldlabel>
              <fieldentry>text2qti_question_ref_433bfd7954673eeadb98d32d0e9aa87e86ee52f094a1ab1e1d0be0dac2742291</fieldentry>
            </qtimetadatafield>
          </qtimetadata>
        </itemmetadata>
        <presentation>
          <material>
            <mattext texttype="text/html">&lt;p&gt;¿Qué habilidad se practica en la Unidad 14?&lt;/p&gt;</mattext>
          </material>
          <response_lid ident="response1" rcardinality="Single">
            <render_choice>
              <response_label ident="text2qti_choice_cb07534b13bafd96dda3fff5c788899b45a5837638a761ba39935832c35ca359">
                <material>
                  <mattext texttype="text/html">&lt;p&gt;Leer novelas románticas.&lt;/p&gt;</mattext>
                </material>
              </response_label>
              <response_label ident="text2qti_choice_3f67cfe94fa16b781532b7d4b89a3961a38c424c84cca57527939673a9884f45">
                <material>
                  <mattext texttype="text/html">&lt;p&gt;Narrar secuencias en el pasado.&lt;/p&gt;</mattext>
                </material>
              </response_label>
              <response_label ident="text2qti_choice_fd61491650a916bb2ef195eb294f88bc6ae2155bf30dc08817745f681e8c433e">
                <material>
                  <mattext texttype="text/html">&lt;p&gt;Conjugación de verbos en subjuntivo.&lt;/p&gt;</mattext>
                </material>
              </response_label>
              <response_label ident="text2qti_choice_2de79e98f440ba7d222d8b2fcc23096b4214c863b1251e7de74bd5f756c2a24f">
                <material>
                  <mattext texttype="text/html">&lt;p&gt;Memorizar fechas históricas.&lt;/p&gt;</mattext>
                </material>
              </response_label>
            </render_choice>
          </response_lid>
        </presentation>
        <resprocessing>
          <outcomes>
            <decvar maxvalue="100" minvalue="0" varname="SCORE" vartype="Decimal"/>
          </outcomes>
          <respcondition continue="No">
            <conditionvar>
              <varequal respident="response1">text2qti_choice_3f67cfe94fa16b781532b7d4b89a3961a38c424c84cca57527939673a9884f45</varequal>
            </conditionvar>
            <setvar action="Set" varname="SCORE">100</setvar>
          </respcondition>
        </resprocessing>
      </item>
      <item ident="text2qti_question_1b4ba169eb8b032d28b61d51d7ca05e9236fbf7a2b58e5f24b396cb4a6dbdfd4" title="Question">
        <itemmetadata>
          <qtimetadata>
            <qtimetadatafield>
              <fieldlabel>question_type</fieldlabel>
              <fieldentry>multiple_choice_question</fieldentry>
            </qtimetadatafield>
            <qtimetadatafield>
              <fieldlabel>points_possible</fieldlabel>
              <fieldentry>1</fieldentry>
            </qtimetadatafield>
            <qtimetadatafield>
              <fieldlabel>original_answer_ids</fieldlabel>
              <fieldentry>text2qti_choice_01b91dfc5b1b42a9637fac4498f2c3c7992f7ea1e1bb7727cc805fde56c6bfd4,text2qti_choice_244e84894b8e1cf388be987d571adcb62a42dd6c420f15a2a3b7e4e281b11115</fieldentry>
            </qtimetadatafield>
            <qtimetadatafield>
              <fieldlabel>assessment_question_identifierref</fieldlabel>
              <fieldentry>text2qti_question_ref_1b4ba169eb8b032d28b61d51d7ca05e9236fbf7a2b58e5f24b396cb4a6dbdfd4</fieldentry>
            </qtimetadatafield>
          </qtimetadata>
        </itemmetadata>
        <presentation>
          <material>
            <mattext texttype="text/html">&lt;p&gt;Verdadero o Falso: Una de las Preguntas de Conversación de la Unidad 13 es sobre la obra de arte favorita de tu entrenador/a.&lt;/p&gt;</mattext>
          </material>
          <response_lid ident="response1" rcardinality="Single">
            <render_choice>
              <response_label ident="text2qti_choice_01b91dfc5b1b42a9637fac4498f2c3c7992f7ea1e1bb7727cc805fde56c6bfd4">
                <material>
                  <mattext texttype="text/html">&lt;p&gt;Verdadero.&lt;/p&gt;</mattext>
                </material>
              </response_label>
              <response_label ident="text2qti_choice_244e84894b8e1cf388be987d571adcb62a42dd6c420f15a2a3b7e4e281b11115">
                <material>
                  <mattext texttype="text/html">&lt;p&gt;Falso.&lt;/p&gt;</mattext>
                </material>
              </response_label>
            </render_choice>
          </response_lid>
        </presentation>
        <resprocessing>
          <outcomes>
            <decvar maxvalue="100" minvalue="0" varname="SCORE" vartype="Decimal"/>
          </outcomes>
          <respcondition continue="No">
            <conditionvar>
              <varequal respident="response1">text2qti_choice_244e84894b8e1cf388be987d571adcb62a42dd6c420f15a2a3b7e4e281b11115</varequal>
            </conditionvar>
            <setvar action="Set" varname="SCORE">100</setvar>
          </respcondition>
        </resprocessing>
      </item>
      <item ident="text2qti_question_4d9f16363fdf4b6153814f9acc662c9d8d51300780a70b7fa83cacbb09dd95d9" title="Question">
        <itemmetadata>
          <qtimetadata>
            <qtimetadatafield>
              <fieldlabel>question_type</fieldlabel>
              <fieldentry>multiple_choice_question</fieldentry>
            </qtimetadatafield>
            <qtimetadatafield>
              <fieldlabel>points_possible</fieldlabel>
              <fieldentry>1</fieldentry>
            </qtimetadatafield>
            <qtimetadatafield>
              <fieldlabel>original_answer_ids</fieldlabel>
              <fieldentry>text2qti_choice_50e88ac2dcac0127b4492a12c3f43998eb8d2646e6b9f7a143becc22e1786564,text2qti_choice_9fe9c7e90cff0de568e7c5979cf75397d90843abfb05b5b7d7de68cbcc079a96,text2qti_choice_41ae7c36c747be5687a5bddeaa0b4766fd19156bfa15e70c6ea03bba7fcabebe,text2qti_choice_284b60173d47f35fafc4a32449cff9fb40bd63379d417d8610c6356a4b4136d6</fieldentry>
            </qtimetadatafield>
            <qtimetadatafield>
              <fieldlabel>assessment_question_identifierref</fieldlabel>
              <fieldentry>text2qti_question_ref_4d9f16363fdf4b6153814f9acc662c9d8d51300780a70b7fa83cacbb09dd95d9</fieldentry>
            </qtimetadatafield>
          </qtimetadata>
        </itemmetadata>
        <presentation>
          <material>
            <mattext texttype="text/html">&lt;p&gt;¿Qué tema se aborda en las Preguntas de Conversación de la Unidad 14?&lt;/p&gt;</mattext>
          </material>
          <response_lid ident="response1" rcardinality="Single">
            <render_choice>
              <response_label ident="text2qti_choice_50e88ac2dcac0127b4492a12c3f43998eb8d2646e6b9f7a143becc22e1786564">
                <material>
                  <mattext texttype="text/html">&lt;p&gt;Los deportes en el país de tu entrenador/a.&lt;/p&gt;</mattext>
                </material>
              </response_label>
              <response_label ident="text2qti_choice_9fe9c7e90cff0de568e7c5979cf75397d90843abfb05b5b7d7de68cbcc079a96">
                <material>
                  <mattext texttype="text/html">&lt;p&gt;Eventos o sitios artísticos recomendados.&lt;/p&gt;</mattext>
                </material>
              </response_label>
              <response_label ident="text2qti_choice_41ae7c36c747be5687a5bddeaa0b4766fd19156bfa15e70c6ea03bba7fcabebe">
                <material>
                  <mattext texttype="text/html">&lt;p&gt;La economía local del país de tu entrenador/a.&lt;/p&gt;</mattext>
                </material>
              </response_label>
              <response_label ident="text2qti_choice_284b60173d47f35fafc4a32449cff9fb40bd63379d417d8610c6356a4b4136d6">
                <material>
                  <mattext texttype="text/html">&lt;p&gt;Lugares turísticos populares.&lt;/p&gt;</mattext>
                </material>
              </response_label>
            </render_choice>
          </response_lid>
        </presentation>
        <resprocessing>
          <outcomes>
            <decvar maxvalue="100" minvalue="0" varname="SCORE" vartype="Decimal"/>
          </outcomes>
          <respcondition continue="No">
            <conditionvar>
              <varequal respident="response1">text2qti_choice_9fe9c7e90cff0de568e7c5979cf75397d90843abfb05b5b7d7de68cbcc079a96</varequal>
            </conditionvar>
            <setvar action="Set" varname="SCORE">100</setvar>
          </respcondition>
        </resprocessing>
      </item>
      <item ident="text2qti_question_5a814f270057ed63d3b2ab6fcbb3e67f0b8a16d8d28277fd491b1e9a0c59b71d" title="Question">
        <itemmetadata>
          <qtimetadata>
            <qtimetadatafield>
              <fieldlabel>question_type</fieldlabel>
              <fieldentry>multiple_choice_question</fieldentry>
            </qtimetadatafield>
            <qtimetadatafield>
              <fieldlabel>points_possible</fieldlabel>
              <fieldentry>1</fieldentry>
            </qtimetadatafield>
            <qtimetadatafield>
              <fieldlabel>original_answer_ids</fieldlabel>
              <fieldentry>text2qti_choice_26136e421e1b74a19552c8fea7aaab19a0bb0a6873c9fe476f3a6b848d1841f2,text2qti_choice_39322a1bb30db86a550cfe64dbd5fd9bb0ecfdccf48d8a44268325e8da07f8d7</fieldentry>
            </qtimetadatafield>
            <qtimetadatafield>
              <fieldlabel>assessment_question_identifierref</fieldlabel>
              <fieldentry>text2qti_question_ref_5a814f270057ed63d3b2ab6fcbb3e67f0b8a16d8d28277fd491b1e9a0c59b71d</fieldentry>
            </qtimetadatafield>
          </qtimetadata>
        </itemmetadata>
        <presentation>
          <material>
            <mattext texttype="text/html">&lt;p&gt;Verdadero o Falso: La Unidad 14 incluye un objetivo relacionado con la aplicación de convenciones de escritura en inglés.&lt;/p&gt;</mattext>
          </material>
          <response_lid ident="response1" rcardinality="Single">
            <render_choice>
              <response_label ident="text2qti_choice_26136e421e1b74a19552c8fea7aaab19a0bb0a6873c9fe476f3a6b848d1841f2">
                <material>
                  <mattext texttype="text/html">&lt;p&gt;Verdadero.&lt;/p&gt;</mattext>
                </material>
              </response_label>
              <response_label ident="text2qti_choice_39322a1bb30db86a550cfe64dbd5fd9bb0ecfdccf48d8a44268325e8da07f8d7">
                <material>
                  <mattext texttype="text/html">&lt;p&gt;Falso.&lt;/p&gt;</mattext>
                </material>
              </response_label>
            </render_choice>
          </response_lid>
        </presentation>
        <resprocessing>
          <outcomes>
            <decvar maxvalue="100" minvalue="0" varname="SCORE" vartype="Decimal"/>
          </outcomes>
          <respcondition continue="No">
            <conditionvar>
              <varequal respident="response1">text2qti_choice_39322a1bb30db86a550cfe64dbd5fd9bb0ecfdccf48d8a44268325e8da07f8d7</varequal>
            </conditionvar>
            <setvar action="Set" varname="SCORE">100</setvar>
          </respcondition>
        </resprocessing>
      </item>
      <item ident="text2qti_question_bb4af8b75bd15f20f3f1ce2d3d0939d8a8d86d3249dc07139b65b1d1ec131e39" title="Question">
        <itemmetadata>
          <qtimetadata>
            <qtimetadatafield>
              <fieldlabel>question_type</fieldlabel>
              <fieldentry>multiple_choice_question</fieldentry>
            </qtimetadatafield>
            <qtimetadatafield>
              <fieldlabel>points_possible</fieldlabel>
              <fieldentry>1</fieldentry>
            </qtimetadatafield>
            <qtimetadatafield>
              <fieldlabel>original_answer_ids</fieldlabel>
              <fieldentry>text2qti_choice_834bf4f327344da867c06d2ff1753aba0b7bf1a966b81f528255b2e84e10d60c,text2qti_choice_48c7ba467962ab7367bee7bacaa4567305a0b50364927c3c0e59af4316e51815,text2qti_choice_3291418045b353834f4954ed16cf9216fc4247bfbb7cc6702a3d512c7aebbcfc,text2qti_choice_0883c70f8f52282bc70e89b1e77b8697b903f7a5f6a1744f75898f1e4caaa1b0</fieldentry>
            </qtimetadatafield>
            <qtimetadatafield>
              <fieldlabel>assessment_question_identifierref</fieldlabel>
              <fieldentry>text2qti_question_ref_bb4af8b75bd15f20f3f1ce2d3d0939d8a8d86d3249dc07139b65b1d1ec131e39</fieldentry>
            </qtimetadatafield>
          </qtimetadata>
        </itemmetadata>
        <presentation>
          <material>
            <mattext texttype="text/html">&lt;p&gt;¿Qué aprende el estudiante a pronunciar en la Unidad 14?&lt;/p&gt;</mattext>
          </material>
          <response_lid ident="response1" rcardinality="Single">
            <render_choice>
              <response_label ident="text2qti_choice_834bf4f327344da867c06d2ff1753aba0b7bf1a966b81f528255b2e84e10d60c">
                <material>
                  <mattext texttype="text/html">&lt;p&gt;La letra &amp;ldquo;m&amp;rdquo;.&lt;/p&gt;</mattext>
                </material>
              </response_label>
              <response_label ident="text2qti_choice_48c7ba467962ab7367bee7bacaa4567305a0b50364927c3c0e59af4316e51815">
                <material>
                  <mattext texttype="text/html">&lt;p&gt;La letra &amp;ldquo;n&amp;rdquo;.&lt;/p&gt;</mattext>
                </material>
              </response_label>
              <response_label ident="text2qti_choice_3291418045b353834f4954ed16cf9216fc4247bfbb7cc6702a3d512c7aebbcfc">
                <material>
                  <mattext texttype="text/html">&lt;p&gt;La letra &amp;ldquo;p&amp;rdquo;.&lt;/p&gt;</mattext>
                </material>
              </response_label>
              <response_label ident="text2qti_choice_0883c70f8f52282bc70e89b1e77b8697b903f7a5f6a1744f75898f1e4caaa1b0">
                <material>
                  <mattext texttype="text/html">&lt;p&gt;La letra &amp;ldquo;c&amp;rdquo;.&lt;/p&gt;</mattext>
                </material>
              </response_label>
            </render_choice>
          </response_lid>
        </presentation>
        <resprocessing>
          <outcomes>
            <decvar maxvalue="100" minvalue="0" varname="SCORE" vartype="Decimal"/>
          </outcomes>
          <respcondition continue="No">
            <conditionvar>
              <varequal respident="response1">text2qti_choice_48c7ba467962ab7367bee7bacaa4567305a0b50364927c3c0e59af4316e51815</varequal>
            </conditionvar>
            <setvar action="Set" varname="SCORE">100</setvar>
          </respcondition>
        </resprocessing>
      </item>
      <item ident="text2qti_question_c9f19d20267d3db2b24f93e9bd3291edadb48590cc0c7a608eb02640d2bcb4cf" title="Question">
        <itemmetadata>
          <qtimetadata>
            <qtimetadatafield>
              <fieldlabel>question_type</fieldlabel>
              <fieldentry>multiple_choice_question</fieldentry>
            </qtimetadatafield>
            <qtimetadatafield>
              <fieldlabel>points_possible</fieldlabel>
              <fieldentry>1</fieldentry>
            </qtimetadatafield>
            <qtimetadatafield>
              <fieldlabel>original_answer_ids</fieldlabel>
              <fieldentry>text2qti_choice_881740d9c5da1ef7f6dbd63083d72c911400901248fe92b502258fc5e874bd6c,text2qti_choice_e3e18eb47cd348fecb2d85803386880f22adca06c746cf3fd1b7e2382f43ceea,text2qti_choice_d79e55025315dfd667dd67338e877b226fa3a368332ca6aeea9eeabc247cfa85,text2qti_choice_f4238dbab8d4235263db5bea66cfcc63866c01aa55143b71544404ab536b9bb7</fieldentry>
            </qtimetadatafield>
            <qtimetadatafield>
              <fieldlabel>assessment_question_identifierref</fieldlabel>
              <fieldentry>text2qti_question_ref_c9f19d20267d3db2b24f93e9bd3291edadb48590cc0c7a608eb02640d2bcb4cf</fieldentry>
            </qtimetadatafield>
          </qtimetadata>
        </itemmetadata>
        <presentation>
          <material>
            <mattext texttype="text/html">&lt;p&gt;¿Cuál de las siguientes opciones NO es un objetivo de la Unidad 13?&lt;/p&gt;</mattext>
          </material>
          <response_lid ident="response1" rcardinality="Single">
            <render_choice>
              <response_label ident="text2qti_choice_881740d9c5da1ef7f6dbd63083d72c911400901248fe92b502258fc5e874bd6c">
                <material>
                  <mattext texttype="text/html">&lt;p&gt;Entender fragmentos de novelas gráficas.&lt;/p&gt;</mattext>
                </material>
              </response_label>
              <response_label ident="text2qti_choice_e3e18eb47cd348fecb2d85803386880f22adca06c746cf3fd1b7e2382f43ceea">
                <material>
                  <mattext texttype="text/html">&lt;p&gt;Exploración de tendencias migratorias.&lt;/p&gt;</mattext>
                </material>
              </response_label>
              <response_label ident="text2qti_choice_d79e55025315dfd667dd67338e877b226fa3a368332ca6aeea9eeabc247cfa85">
                <material>
                  <mattext texttype="text/html">&lt;p&gt;Identificar colores y formas geométricas.&lt;/p&gt;</mattext>
                </material>
              </response_label>
              <response_label ident="text2qti_choice_f4238dbab8d4235263db5bea66cfcc63866c01aa55143b71544404ab536b9bb7">
                <material>
                  <mattext texttype="text/html">&lt;p&gt;Aplicar convenciones españolas en escritura.&lt;/p&gt;</mattext>
                </material>
              </response_label>
            </render_choice>
          </response_lid>
        </presentation>
        <resprocessing>
          <outcomes>
            <decvar maxvalue="100" minvalue="0" varname="SCORE" vartype="Decimal"/>
          </outcomes>
          <respcondition continue="No">
            <conditionvar>
              <varequal respident="response1">text2qti_choice_d79e55025315dfd667dd67338e877b226fa3a368332ca6aeea9eeabc247cfa85</varequal>
            </conditionvar>
            <setvar action="Set" varname="SCORE">100</setvar>
          </respcondition>
        </resprocessing>
      </item>
      <item ident="text2qti_question_57e62c2d8e26abdd6518784d8ff944e7b579ca49a9a823a4dcc1584a27da8240" title="Question">
        <itemmetadata>
          <qtimetadata>
            <qtimetadatafield>
              <fieldlabel>question_type</fieldlabel>
              <fieldentry>multiple_choice_question</fieldentry>
            </qtimetadatafield>
            <qtimetadatafield>
              <fieldlabel>points_possible</fieldlabel>
              <fieldentry>1</fieldentry>
            </qtimetadatafield>
            <qtimetadatafield>
              <fieldlabel>original_answer_ids</fieldlabel>
              <fieldentry>text2qti_choice_4e44048ff3492bf2740b908ebc7a390054acddb6eb9123da876b12c9320d918a,text2qti_choice_549c8bf92983d5824e0b0d2e82b20b395853e7e27f6b67f1af332d0505f6c1e7</fieldentry>
            </qtimetadatafield>
            <qtimetadatafield>
              <fieldlabel>assessment_question_identifierref</fieldlabel>
              <fieldentry>text2qti_question_ref_57e62c2d8e26abdd6518784d8ff944e7b579ca49a9a823a4dcc1584a27da8240</fieldentry>
            </qtimetadatafield>
          </qtimetadata>
        </itemmetadata>
        <presentation>
          <material>
            <mattext texttype="text/html">&lt;p&gt;Verdadero o Falso: Uno de los objetivos de las Sesiones 1 y 2 es narrar en el presente.&lt;/p&gt;</mattext>
          </material>
          <response_lid ident="response1" rcardinality="Single">
            <render_choice>
              <response_label ident="text2qti_choice_4e44048ff3492bf2740b908ebc7a390054acddb6eb9123da876b12c9320d918a">
                <material>
                  <mattext texttype="text/html">&lt;p&gt;Verdadero.&lt;/p&gt;</mattext>
                </material>
              </response_label>
              <response_label ident="text2qti_choice_549c8bf92983d5824e0b0d2e82b20b395853e7e27f6b67f1af332d0505f6c1e7">
                <material>
                  <mattext texttype="text/html">&lt;p&gt;Falso.&lt;/p&gt;</mattext>
                </material>
              </response_label>
            </render_choice>
          </response_lid>
        </presentation>
        <resprocessing>
          <outcomes>
            <decvar maxvalue="100" minvalue="0" varname="SCORE" vartype="Decimal"/>
          </outcomes>
          <respcondition continue="No">
            <conditionvar>
              <varequal respident="response1">text2qti_choice_549c8bf92983d5824e0b0d2e82b20b395853e7e27f6b67f1af332d0505f6c1e7</varequal>
            </conditionvar>
            <setvar action="Set" varname="SCORE">100</setvar>
          </respcondition>
        </resprocessing>
      </item>
    </section>
  </assessment>
</questestinterop>
