<?xml version="1.0" encoding="UTF-8"?>
<questestinterop xmlns="http://www.imsglobal.org/xsd/ims_qtiasiv1p2" xmlns:xsi="http://www.w3.org/2001/XMLSchema-instance" xsi:schemaLocation="http://www.imsglobal.org/xsd/ims_qtiasiv1p2 http://www.imsglobal.org/xsd/ims_qtiasiv1p2p1.xsd">
  <assessment ident="text2qti_assessment_d789a4ecc86d4e1fa2854c10ea61906c14aae087c8049d4c8350d4a53d9eeeee" title="Quiz">
    <qtimetadata>
      <qtimetadatafield>
        <fieldlabel>cc_maxattempts</fieldlabel>
        <fieldentry>1</fieldentry>
      </qtimetadatafield>
    </qtimetadata>
    <section ident="root_section">
      <item ident="text2qti_question_61af4f91b3ad64091ac0f5e9d279178e01e1d7a539b9f48f73038890a6329540" title="Question">
        <itemmetadata>
          <qtimetadata>
            <qtimetadatafield>
              <fieldlabel>question_type</fieldlabel>
              <fieldentry>multiple_choice_question</fieldentry>
            </qtimetadatafield>
            <qtimetadatafield>
              <fieldlabel>points_possible</fieldlabel>
              <fieldentry>1</fieldentry>
            </qtimetadatafield>
            <qtimetadatafield>
              <fieldlabel>original_answer_ids</fieldlabel>
              <fieldentry>text2qti_choice_806c8de83e224d485a9172880816a2682e779e919319088c03d31f32f63be963,text2qti_choice_074b5fe417a786bc816f04c4575f0b50c19cc8d11a6000b0e9e25f16d2ad054d,text2qti_choice_d4c9e7fde830508a2f5a376dd71f73c2a389b4c193c0193c3789d1459c2d29ae,text2qti_choice_605730a08e6ad017f7e76c46357cd5710adc8e51a1664132aabc3c9b6b14187b</fieldentry>
            </qtimetadatafield>
            <qtimetadatafield>
              <fieldlabel>assessment_question_identifierref</fieldlabel>
              <fieldentry>text2qti_question_ref_61af4f91b3ad64091ac0f5e9d279178e01e1d7a539b9f48f73038890a6329540</fieldentry>
            </qtimetadatafield>
          </qtimetadata>
        </itemmetadata>
        <presentation>
          <material>
            <mattext texttype="text/html">&lt;p&gt;What is one of the main objectives in Unidad 13: ¿Cómo era la vida que Finita dejó atrás?&lt;/p&gt;</mattext>
          </material>
          <response_lid ident="response1" rcardinality="Single">
            <render_choice>
              <response_label ident="text2qti_choice_806c8de83e224d485a9172880816a2682e779e919319088c03d31f32f63be963">
                <material>
                  <mattext texttype="text/html">&lt;p&gt;Describe modern technology trends&lt;/p&gt;</mattext>
                </material>
              </response_label>
              <response_label ident="text2qti_choice_074b5fe417a786bc816f04c4575f0b50c19cc8d11a6000b0e9e25f16d2ad054d">
                <material>
                  <mattext texttype="text/html">&lt;p&gt;Analyze environmental policy&lt;/p&gt;</mattext>
                </material>
              </response_label>
              <response_label ident="text2qti_choice_d4c9e7fde830508a2f5a376dd71f73c2a389b4c193c0193c3789d1459c2d29ae">
                <material>
                  <mattext texttype="text/html">&lt;p&gt;Explore and compare immigration trends in the Spanish-speaking world&lt;/p&gt;</mattext>
                </material>
              </response_label>
              <response_label ident="text2qti_choice_605730a08e6ad017f7e76c46357cd5710adc8e51a1664132aabc3c9b6b14187b">
                <material>
                  <mattext texttype="text/html">&lt;p&gt;Study advanced Spanish literature&lt;/p&gt;</mattext>
                </material>
              </response_label>
            </render_choice>
          </response_lid>
        </presentation>
        <resprocessing>
          <outcomes>
            <decvar maxvalue="100" minvalue="0" varname="SCORE" vartype="Decimal"/>
          </outcomes>
          <respcondition continue="No">
            <conditionvar>
              <varequal respident="response1">text2qti_choice_d4c9e7fde830508a2f5a376dd71f73c2a389b4c193c0193c3789d1459c2d29ae</varequal>
            </conditionvar>
            <setvar action="Set" varname="SCORE">100</setvar>
          </respcondition>
        </resprocessing>
      </item>
      <item ident="text2qti_question_cd5b81028b0c6a3eea68ad5f9e80b89a920f8c04ad186d36f79a715a1a0ca414" title="Question">
        <itemmetadata>
          <qtimetadata>
            <qtimetadatafield>
              <fieldlabel>question_type</fieldlabel>
              <fieldentry>multiple_choice_question</fieldentry>
            </qtimetadatafield>
            <qtimetadatafield>
              <fieldlabel>points_possible</fieldlabel>
              <fieldentry>1</fieldentry>
            </qtimetadatafield>
            <qtimetadatafield>
              <fieldlabel>original_answer_ids</fieldlabel>
              <fieldentry>text2qti_choice_da643cd5351057e6b6a97948cc420d95411248e1134232a238c0da9287c7379f,text2qti_choice_0291e2ba71149f95ee034059fbb276bf035e19bed5983ba9a95da1d8fd336f7c,text2qti_choice_080f3ebf046ba5e6317f3a0e97a8f06f77a1347b963f14cc1fd3a9b106bc9ca2,text2qti_choice_edb79d2194087fda85ccd1dd1fbeaa658b381123859045b20c744e27336fa101</fieldentry>
            </qtimetadatafield>
            <qtimetadatafield>
              <fieldlabel>assessment_question_identifierref</fieldlabel>
              <fieldentry>text2qti_question_ref_cd5b81028b0c6a3eea68ad5f9e80b89a920f8c04ad186d36f79a715a1a0ca414</fieldentry>
            </qtimetadatafield>
          </qtimetadata>
        </itemmetadata>
        <presentation>
          <material>
            <mattext texttype="text/html">&lt;p&gt;Which skill is emphasized in Unidad 14: ¿Qué pasaba cuando se creó la obra de arte?&lt;/p&gt;</mattext>
          </material>
          <response_lid ident="response1" rcardinality="Single">
            <render_choice>
              <response_label ident="text2qti_choice_da643cd5351057e6b6a97948cc420d95411248e1134232a238c0da9287c7379f">
                <material>
                  <mattext texttype="text/html">&lt;p&gt;Writing business emails&lt;/p&gt;</mattext>
                </material>
              </response_label>
              <response_label ident="text2qti_choice_0291e2ba71149f95ee034059fbb276bf035e19bed5983ba9a95da1d8fd336f7c">
                <material>
                  <mattext texttype="text/html">&lt;p&gt;Calculating statistics&lt;/p&gt;</mattext>
                </material>
              </response_label>
              <response_label ident="text2qti_choice_080f3ebf046ba5e6317f3a0e97a8f06f77a1347b963f14cc1fd3a9b106bc9ca2">
                <material>
                  <mattext texttype="text/html">&lt;p&gt;Developing computer programs&lt;/p&gt;</mattext>
                </material>
              </response_label>
              <response_label ident="text2qti_choice_edb79d2194087fda85ccd1dd1fbeaa658b381123859045b20c744e27336fa101">
                <material>
                  <mattext texttype="text/html">&lt;p&gt;Listening for meaning&lt;/p&gt;</mattext>
                </material>
              </response_label>
            </render_choice>
          </response_lid>
        </presentation>
        <resprocessing>
          <outcomes>
            <decvar maxvalue="100" minvalue="0" varname="SCORE" vartype="Decimal"/>
          </outcomes>
          <respcondition continue="No">
            <conditionvar>
              <varequal respident="response1">text2qti_choice_edb79d2194087fda85ccd1dd1fbeaa658b381123859045b20c744e27336fa101</varequal>
            </conditionvar>
            <setvar action="Set" varname="SCORE">100</setvar>
          </respcondition>
        </resprocessing>
      </item>
      <item ident="text2qti_question_dd8a11064a0bb87accace3635da64c92f69a1406be6a74f21dee7fc0db90728e" title="Question">
        <itemmetadata>
          <qtimetadata>
            <qtimetadatafield>
              <fieldlabel>question_type</fieldlabel>
              <fieldentry>multiple_choice_question</fieldentry>
            </qtimetadatafield>
            <qtimetadatafield>
              <fieldlabel>points_possible</fieldlabel>
              <fieldentry>1</fieldentry>
            </qtimetadatafield>
            <qtimetadatafield>
              <fieldlabel>original_answer_ids</fieldlabel>
              <fieldentry>text2qti_choice_42d68d53ebba74544e85ccce68bc4df5b5dfbc24299ef469f98d71a8cb957066,text2qti_choice_1974bef649c95408f1346147d4e5ee04ccdca3e404d5c0cd5789a0011fb42b31,text2qti_choice_0f8abe5b4b1cdb79fdc66df7a40be1b016a7f7aed1e4e1ced4f441ef44e66bf0,text2qti_choice_2894d323c66d694c91379df1f80892371f53069d957c43a565b88a39abeec292</fieldentry>
            </qtimetadatafield>
            <qtimetadatafield>
              <fieldlabel>assessment_question_identifierref</fieldlabel>
              <fieldentry>text2qti_question_ref_dd8a11064a0bb87accace3635da64c92f69a1406be6a74f21dee7fc0db90728e</fieldentry>
            </qtimetadatafield>
          </qtimetadata>
        </itemmetadata>
        <presentation>
          <material>
            <mattext texttype="text/html">&lt;p&gt;In Unidad 15: ¿Cómo hemos reinterpretado la historia?, students are expected to:&lt;/p&gt;</mattext>
          </material>
          <response_lid ident="response1" rcardinality="Single">
            <render_choice>
              <response_label ident="text2qti_choice_42d68d53ebba74544e85ccce68bc4df5b5dfbc24299ef469f98d71a8cb957066">
                <material>
                  <mattext texttype="text/html">&lt;p&gt;Memorize Spanish grammar rules&lt;/p&gt;</mattext>
                </material>
              </response_label>
              <response_label ident="text2qti_choice_1974bef649c95408f1346147d4e5ee04ccdca3e404d5c0cd5789a0011fb42b31">
                <material>
                  <mattext texttype="text/html">&lt;p&gt;Focus solely on modern art&lt;/p&gt;</mattext>
                </material>
              </response_label>
              <response_label ident="text2qti_choice_0f8abe5b4b1cdb79fdc66df7a40be1b016a7f7aed1e4e1ced4f441ef44e66bf0">
                <material>
                  <mattext texttype="text/html">&lt;p&gt;Use historical context to further comprehension&lt;/p&gt;</mattext>
                </material>
              </response_label>
              <response_label ident="text2qti_choice_2894d323c66d694c91379df1f80892371f53069d957c43a565b88a39abeec292">
                <material>
                  <mattext texttype="text/html">&lt;p&gt;Practice only oral presentations&lt;/p&gt;</mattext>
                </material>
              </response_label>
            </render_choice>
          </response_lid>
        </presentation>
        <resprocessing>
          <outcomes>
            <decvar maxvalue="100" minvalue="0" varname="SCORE" vartype="Decimal"/>
          </outcomes>
          <respcondition continue="No">
            <conditionvar>
              <varequal respident="response1">text2qti_choice_0f8abe5b4b1cdb79fdc66df7a40be1b016a7f7aed1e4e1ced4f441ef44e66bf0</varequal>
            </conditionvar>
            <setvar action="Set" varname="SCORE">100</setvar>
          </respcondition>
        </resprocessing>
      </item>
      <item ident="text2qti_question_6b81bbf3da08225366d3e47457d048bc0c0161b68a417b91902a24077d7e730f" title="Question">
        <itemmetadata>
          <qtimetadata>
            <qtimetadatafield>
              <fieldlabel>question_type</fieldlabel>
              <fieldentry>multiple_choice_question</fieldentry>
            </qtimetadatafield>
            <qtimetadatafield>
              <fieldlabel>points_possible</fieldlabel>
              <fieldentry>1</fieldentry>
            </qtimetadatafield>
            <qtimetadatafield>
              <fieldlabel>original_answer_ids</fieldlabel>
              <fieldentry>text2qti_choice_7a52bb38e1127ae9e81bc045973f67973f90864c588c49c2895342c006b1d8e5,text2qti_choice_bee83e300355d10e5c70549234f82c90347821d765e6fe004f6c2209a9c4f266,text2qti_choice_36372aa605aa2ec407cc41dab1c2aed76d459bcb9f3f326716ef256702511edf,text2qti_choice_a8e97634dac9878e6a2f4930218dc2f284e29af56c676822d6519f063d89678e</fieldentry>
            </qtimetadatafield>
            <qtimetadatafield>
              <fieldlabel>assessment_question_identifierref</fieldlabel>
              <fieldentry>text2qti_question_ref_6b81bbf3da08225366d3e47457d048bc0c0161b68a417b91902a24077d7e730f</fieldentry>
            </qtimetadatafield>
          </qtimetadata>
        </itemmetadata>
        <presentation>
          <material>
            <mattext texttype="text/html">&lt;p&gt;What is a key objective in Unidad 16: ¿Cómo se interpretará el mensaje?&lt;/p&gt;</mattext>
          </material>
          <response_lid ident="response1" rcardinality="Single">
            <render_choice>
              <response_label ident="text2qti_choice_7a52bb38e1127ae9e81bc045973f67973f90864c588c49c2895342c006b1d8e5">
                <material>
                  <mattext texttype="text/html">&lt;p&gt;Memorizing famous poems&lt;/p&gt;</mattext>
                </material>
              </response_label>
              <response_label ident="text2qti_choice_bee83e300355d10e5c70549234f82c90347821d765e6fe004f6c2209a9c4f266">
                <material>
                  <mattext texttype="text/html">&lt;p&gt;Recognizing abbreviations in text messages&lt;/p&gt;</mattext>
                </material>
              </response_label>
              <response_label ident="text2qti_choice_36372aa605aa2ec407cc41dab1c2aed76d459bcb9f3f326716ef256702511edf">
                <material>
                  <mattext texttype="text/html">&lt;p&gt;Cooking traditional Spanish dishes&lt;/p&gt;</mattext>
                </material>
              </response_label>
              <response_label ident="text2qti_choice_a8e97634dac9878e6a2f4930218dc2f284e29af56c676822d6519f063d89678e">
                <material>
                  <mattext texttype="text/html">&lt;p&gt;Translating legal documents&lt;/p&gt;</mattext>
                </material>
              </response_label>
            </render_choice>
          </response_lid>
        </presentation>
        <resprocessing>
          <outcomes>
            <decvar maxvalue="100" minvalue="0" varname="SCORE" vartype="Decimal"/>
          </outcomes>
          <respcondition continue="No">
            <conditionvar>
              <varequal respident="response1">text2qti_choice_bee83e300355d10e5c70549234f82c90347821d765e6fe004f6c2209a9c4f266</varequal>
            </conditionvar>
            <setvar action="Set" varname="SCORE">100</setvar>
          </respcondition>
        </resprocessing>
      </item>
      <item ident="text2qti_question_16c3fe0e186ec093a0846cfb7694894be5714eab7306edcab7b5a39b281ec942" title="Question">
        <itemmetadata>
          <qtimetadata>
            <qtimetadatafield>
              <fieldlabel>question_type</fieldlabel>
              <fieldentry>multiple_choice_question</fieldentry>
            </qtimetadatafield>
            <qtimetadatafield>
              <fieldlabel>points_possible</fieldlabel>
              <fieldentry>1</fieldentry>
            </qtimetadatafield>
            <qtimetadatafield>
              <fieldlabel>original_answer_ids</fieldlabel>
              <fieldentry>text2qti_choice_89b585a5420822afb9701cb91a7620c2ef2af104706f88a599b9d23352f92710,text2qti_choice_88d9d2d599cb0f4deb99e1037be7df2f624082668814acc513688f8b4cd7ad70,text2qti_choice_303ad40d120ce9b7b4c1b10688b29ac56eef99344730ad7f90a28c060a0dbcb8,text2qti_choice_6e08a8ee7c2f442dc8a4b8ca3413fe21637b519fe15423444ed2fe2ff6bf3a5e</fieldentry>
            </qtimetadatafield>
            <qtimetadatafield>
              <fieldlabel>assessment_question_identifierref</fieldlabel>
              <fieldentry>text2qti_question_ref_16c3fe0e186ec093a0846cfb7694894be5714eab7306edcab7b5a39b281ec942</fieldentry>
            </qtimetadatafield>
          </qtimetadata>
        </itemmetadata>
        <presentation>
          <material>
            <mattext texttype="text/html">&lt;p&gt;In Unidad 17: ¿Es necesario que se exploren los estereotipos?, students will:&lt;/p&gt;</mattext>
          </material>
          <response_lid ident="response1" rcardinality="Single">
            <render_choice>
              <response_label ident="text2qti_choice_89b585a5420822afb9701cb91a7620c2ef2af104706f88a599b9d23352f92710">
                <material>
                  <mattext texttype="text/html">&lt;p&gt;Learn about Spanish cuisine&lt;/p&gt;</mattext>
                </material>
              </response_label>
              <response_label ident="text2qti_choice_88d9d2d599cb0f4deb99e1037be7df2f624082668814acc513688f8b4cd7ad70">
                <material>
                  <mattext texttype="text/html">&lt;p&gt;Practice advanced mathematics&lt;/p&gt;</mattext>
                </material>
              </response_label>
              <response_label ident="text2qti_choice_303ad40d120ce9b7b4c1b10688b29ac56eef99344730ad7f90a28c060a0dbcb8">
                <material>
                  <mattext texttype="text/html">&lt;p&gt;Distinguish fact from opinion in a newspaper article&lt;/p&gt;</mattext>
                </material>
              </response_label>
              <response_label ident="text2qti_choice_6e08a8ee7c2f442dc8a4b8ca3413fe21637b519fe15423444ed2fe2ff6bf3a5e">
                <material>
                  <mattext texttype="text/html">&lt;p&gt;Focus on medical vocabulary&lt;/p&gt;</mattext>
                </material>
              </response_label>
            </render_choice>
          </response_lid>
        </presentation>
        <resprocessing>
          <outcomes>
            <decvar maxvalue="100" minvalue="0" varname="SCORE" vartype="Decimal"/>
          </outcomes>
          <respcondition continue="No">
            <conditionvar>
              <varequal respident="response1">text2qti_choice_303ad40d120ce9b7b4c1b10688b29ac56eef99344730ad7f90a28c060a0dbcb8</varequal>
            </conditionvar>
            <setvar action="Set" varname="SCORE">100</setvar>
          </respcondition>
        </resprocessing>
      </item>
      <item ident="text2qti_question_8916ecb47d9a483905c26a86da747c4f96b23fcdcfa4ea9f6cde0def0b45ed9a" title="Question">
        <itemmetadata>
          <qtimetadata>
            <qtimetadatafield>
              <fieldlabel>question_type</fieldlabel>
              <fieldentry>multiple_answers_question</fieldentry>
            </qtimetadatafield>
            <qtimetadatafield>
              <fieldlabel>points_possible</fieldlabel>
              <fieldentry>1</fieldentry>
            </qtimetadatafield>
            <qtimetadatafield>
              <fieldlabel>original_answer_ids</fieldlabel>
              <fieldentry>text2qti_choice_7a031292508d64bc5b2242d6309b866de8d04b37e0ede252b9050d84ef806f41,text2qti_choice_29b0ba79b81fc81a8af126cfd2d1ccead508daa14b71251bedbd413b2b440459,text2qti_choice_a7f279042239f5c8a012d77a0482f2af7d16f13822d8d6cd991d30cd4ceb6ed1,text2qti_choice_92e61771f61f62e2c5bf5ad5d0b7663388577deda461ae19fcc996225cd379e8</fieldentry>
            </qtimetadatafield>
            <qtimetadatafield>
              <fieldlabel>assessment_question_identifierref</fieldlabel>
              <fieldentry>text2qti_question_ref_8916ecb47d9a483905c26a86da747c4f96b23fcdcfa4ea9f6cde0def0b45ed9a</fieldentry>
            </qtimetadatafield>
          </qtimetadata>
        </itemmetadata>
        <presentation>
          <material>
            <mattext texttype="text/html">&lt;p&gt;Which of the following are topics students will discuss about immigration in Unidad 13? (Select all that apply)&lt;/p&gt;</mattext>
          </material>
          <response_lid ident="response1" rcardinality="Multiple">
            <render_choice>
              <response_label ident="text2qti_choice_7a031292508d64bc5b2242d6309b866de8d04b37e0ede252b9050d84ef806f41">
                <material>
                  <mattext texttype="text/html">&lt;p&gt;Recent migration trends in a country&lt;/p&gt;</mattext>
                </material>
              </response_label>
              <response_label ident="text2qti_choice_29b0ba79b81fc81a8af126cfd2d1ccead508daa14b71251bedbd413b2b440459">
                <material>
                  <mattext texttype="text/html">&lt;p&gt;Motives behind migration trends&lt;/p&gt;</mattext>
                </material>
              </response_label>
              <response_label ident="text2qti_choice_a7f279042239f5c8a012d77a0482f2af7d16f13822d8d6cd991d30cd4ceb6ed1">
                <material>
                  <mattext texttype="text/html">&lt;p&gt;The influence of technology on art&lt;/p&gt;</mattext>
                </material>
              </response_label>
              <response_label ident="text2qti_choice_92e61771f61f62e2c5bf5ad5d0b7663388577deda461ae19fcc996225cd379e8">
                <material>
                  <mattext texttype="text/html">&lt;p&gt;Famous Spanish painters&lt;/p&gt;</mattext>
                </material>
              </response_label>
            </render_choice>
          </response_lid>
        </presentation>
        <resprocessing>
          <outcomes>
            <decvar maxvalue="100" minvalue="0" varname="SCORE" vartype="Decimal"/>
          </outcomes>
          <respcondition continue="No">
            <conditionvar>
              <and>
                <varequal respident="response1">text2qti_choice_7a031292508d64bc5b2242d6309b866de8d04b37e0ede252b9050d84ef806f41</varequal>
                <varequal respident="response1">text2qti_choice_29b0ba79b81fc81a8af126cfd2d1ccead508daa14b71251bedbd413b2b440459</varequal>
                <not>
                  <varequal respident="response1">text2qti_choice_a7f279042239f5c8a012d77a0482f2af7d16f13822d8d6cd991d30cd4ceb6ed1</varequal>
                </not>
                <not>
                  <varequal respident="response1">text2qti_choice_92e61771f61f62e2c5bf5ad5d0b7663388577deda461ae19fcc996225cd379e8</varequal>
                </not>
              </and>
            </conditionvar>
            <setvar action="Set" varname="SCORE">100</setvar>
          </respcondition>
        </resprocessing>
      </item>
      <item ident="text2qti_question_40a658a88cc64c0235047d90805525bca5493eab43c8c018b4c1a4988ad58869" title="Question">
        <itemmetadata>
          <qtimetadata>
            <qtimetadatafield>
              <fieldlabel>question_type</fieldlabel>
              <fieldentry>multiple_answers_question</fieldentry>
            </qtimetadatafield>
            <qtimetadatafield>
              <fieldlabel>points_possible</fieldlabel>
              <fieldentry>1</fieldentry>
            </qtimetadatafield>
            <qtimetadatafield>
              <fieldlabel>original_answer_ids</fieldlabel>
              <fieldentry>text2qti_choice_7b9e7249d26027562eae8c0ff933878d85425d03109291d7542ca4265b7102f2,text2qti_choice_ae6c3d17f64a1ac34c0226440435f7a6aee5d7b2b30cbeba469738d2f451a08c,text2qti_choice_241ad4b22c8580e22bba66b678b57ef704e5f191184951d62c54d8057b34cdea,text2qti_choice_883ba9fea17177471bd83ede39e6e2196f7a0989ca8b416be26b6ffd300bb47c</fieldentry>
            </qtimetadatafield>
            <qtimetadatafield>
              <fieldlabel>assessment_question_identifierref</fieldlabel>
              <fieldentry>text2qti_question_ref_40a658a88cc64c0235047d90805525bca5493eab43c8c018b4c1a4988ad58869</fieldentry>
            </qtimetadatafield>
          </qtimetadata>
        </itemmetadata>
        <presentation>
          <material>
            <mattext texttype="text/html">&lt;p&gt;Which of these are objectives in Unidad 18? (Select all that apply)&lt;/p&gt;</mattext>
          </material>
          <response_lid ident="response1" rcardinality="Multiple">
            <render_choice>
              <response_label ident="text2qti_choice_7b9e7249d26027562eae8c0ff933878d85425d03109291d7542ca4265b7102f2">
                <material>
                  <mattext texttype="text/html">&lt;p&gt;Recognize stylistic devices of a cohesive essay&lt;/p&gt;</mattext>
                </material>
              </response_label>
              <response_label ident="text2qti_choice_ae6c3d17f64a1ac34c0226440435f7a6aee5d7b2b30cbeba469738d2f451a08c">
                <material>
                  <mattext texttype="text/html">&lt;p&gt;Express doubt and denial&lt;/p&gt;</mattext>
                </material>
              </response_label>
              <response_label ident="text2qti_choice_241ad4b22c8580e22bba66b678b57ef704e5f191184951d62c54d8057b34cdea">
                <material>
                  <mattext texttype="text/html">&lt;p&gt;Solve algebraic equations&lt;/p&gt;</mattext>
                </material>
              </response_label>
              <response_label ident="text2qti_choice_883ba9fea17177471bd83ede39e6e2196f7a0989ca8b416be26b6ffd300bb47c">
                <material>
                  <mattext texttype="text/html">&lt;p&gt;Study marine biology&lt;/p&gt;</mattext>
                </material>
              </response_label>
            </render_choice>
          </response_lid>
        </presentation>
        <resprocessing>
          <outcomes>
            <decvar maxvalue="100" minvalue="0" varname="SCORE" vartype="Decimal"/>
          </outcomes>
          <respcondition continue="No">
            <conditionvar>
              <and>
                <varequal respident="response1">text2qti_choice_7b9e7249d26027562eae8c0ff933878d85425d03109291d7542ca4265b7102f2</varequal>
                <varequal respident="response1">text2qti_choice_ae6c3d17f64a1ac34c0226440435f7a6aee5d7b2b30cbeba469738d2f451a08c</varequal>
                <not>
                  <varequal respident="response1">text2qti_choice_241ad4b22c8580e22bba66b678b57ef704e5f191184951d62c54d8057b34cdea</varequal>
                </not>
                <not>
                  <varequal respident="response1">text2qti_choice_883ba9fea17177471bd83ede39e6e2196f7a0989ca8b416be26b6ffd300bb47c</varequal>
                </not>
              </and>
            </conditionvar>
            <setvar action="Set" varname="SCORE">100</setvar>
          </respcondition>
        </resprocessing>
      </item>
      <item ident="text2qti_question_4c5c88d72cb209161b9cefb8ada96900153c24e09fc028afe3f281847ae78e64" title="Question">
        <itemmetadata>
          <qtimetadata>
            <qtimetadatafield>
              <fieldlabel>question_type</fieldlabel>
              <fieldentry>true_false_question</fieldentry>
            </qtimetadatafield>
            <qtimetadatafield>
              <fieldlabel>points_possible</fieldlabel>
              <fieldentry>1</fieldentry>
            </qtimetadatafield>
            <qtimetadatafield>
              <fieldlabel>original_answer_ids</fieldlabel>
              <fieldentry>text2qti_choice_f3fefbeea95eadb2ad667bd1a1db7795a3082cc63a1eff5fb446d36022acb2be,text2qti_choice_ff6326af6477a067e1b646f24235f4e19a823f2edf7f8cfe0c4221ec49062216</fieldentry>
            </qtimetadatafield>
            <qtimetadatafield>
              <fieldlabel>assessment_question_identifierref</fieldlabel>
              <fieldentry>text2qti_question_ref_4c5c88d72cb209161b9cefb8ada96900153c24e09fc028afe3f281847ae78e64</fieldentry>
            </qtimetadatafield>
          </qtimetadata>
        </itemmetadata>
        <presentation>
          <material>
            <mattext texttype="text/html">&lt;p&gt;Unidad 14 encourages students to talk about art, artists, and museums.&lt;/p&gt;</mattext>
          </material>
          <response_lid ident="response1" rcardinality="Single">
            <render_choice>
              <response_label ident="text2qti_choice_f3fefbeea95eadb2ad667bd1a1db7795a3082cc63a1eff5fb446d36022acb2be">
                <material>
                  <mattext texttype="text/html">&lt;p&gt;True&lt;/p&gt;</mattext>
                </material>
              </response_label>
              <response_label ident="text2qti_choice_ff6326af6477a067e1b646f24235f4e19a823f2edf7f8cfe0c4221ec49062216">
                <material>
                  <mattext texttype="text/html">&lt;p&gt;False&lt;/p&gt;</mattext>
                </material>
              </response_label>
            </render_choice>
          </response_lid>
        </presentation>
        <resprocessing>
          <outcomes>
            <decvar maxvalue="100" minvalue="0" varname="SCORE" vartype="Decimal"/>
          </outcomes>
          <respcondition continue="No">
            <conditionvar>
              <varequal respident="response1">text2qti_choice_f3fefbeea95eadb2ad667bd1a1db7795a3082cc63a1eff5fb446d36022acb2be</varequal>
            </conditionvar>
            <setvar action="Set" varname="SCORE">100</setvar>
          </respcondition>
        </resprocessing>
      </item>
      <item ident="text2qti_question_3d7d367c5f594a56a8b7cdc2e01dcd92f4a5d152359d369038dc3374026bee66" title="Question">
        <itemmetadata>
          <qtimetadata>
            <qtimetadatafield>
              <fieldlabel>question_type</fieldlabel>
              <fieldentry>true_false_question</fieldentry>
            </qtimetadatafield>
            <qtimetadatafield>
              <fieldlabel>points_possible</fieldlabel>
              <fieldentry>1</fieldentry>
            </qtimetadatafield>
            <qtimetadatafield>
              <fieldlabel>original_answer_ids</fieldlabel>
              <fieldentry>text2qti_choice_3a55eec035c1539c0c1ef8c76d489e7450133de82b1dd362a9508c5515f6f9ce,text2qti_choice_458d823b3cd4a13586046c75043298f06ebf31a41c93793235868d5f5629c025</fieldentry>
            </qtimetadatafield>
            <qtimetadatafield>
              <fieldlabel>assessment_question_identifierref</fieldlabel>
              <fieldentry>text2qti_question_ref_3d7d367c5f594a56a8b7cdc2e01dcd92f4a5d152359d369038dc3374026bee66</fieldentry>
            </qtimetadatafield>
          </qtimetadata>
        </itemmetadata>
        <presentation>
          <material>
            <mattext texttype="text/html">&lt;p&gt;Students are asked to explore and compare how technology is changing social interaction in the Spanish-speaking world in Unidad 16.&lt;/p&gt;</mattext>
          </material>
          <response_lid ident="response1" rcardinality="Single">
            <render_choice>
              <response_label ident="text2qti_choice_3a55eec035c1539c0c1ef8c76d489e7450133de82b1dd362a9508c5515f6f9ce">
                <material>
                  <mattext texttype="text/html">&lt;p&gt;True&lt;/p&gt;</mattext>
                </material>
              </response_label>
              <response_label ident="text2qti_choice_458d823b3cd4a13586046c75043298f06ebf31a41c93793235868d5f5629c025">
                <material>
                  <mattext texttype="text/html">&lt;p&gt;False&lt;/p&gt;</mattext>
                </material>
              </response_label>
            </render_choice>
          </response_lid>
        </presentation>
        <resprocessing>
          <outcomes>
            <decvar maxvalue="100" minvalue="0" varname="SCORE" vartype="Decimal"/>
          </outcomes>
          <respcondition continue="No">
            <conditionvar>
              <varequal respident="response1">text2qti_choice_3a55eec035c1539c0c1ef8c76d489e7450133de82b1dd362a9508c5515f6f9ce</varequal>
            </conditionvar>
            <setvar action="Set" varname="SCORE">100</setvar>
          </respcondition>
        </resprocessing>
      </item>
      <item ident="text2qti_question_1ffcadcb829d5c38a90f7ea6637aa90136b548ff6fd727c3306baccd34f0b5a9" title="Question">
        <itemmetadata>
          <qtimetadata>
            <qtimetadatafield>
              <fieldlabel>question_type</fieldlabel>
              <fieldentry>true_false_question</fieldentry>
            </qtimetadatafield>
            <qtimetadatafield>
              <fieldlabel>points_possible</fieldlabel>
              <fieldentry>1</fieldentry>
            </qtimetadatafield>
            <qtimetadatafield>
              <fieldlabel>original_answer_ids</fieldlabel>
              <fieldentry>text2qti_choice_8cc3f6cd7af8c10993a6ed6699154c1a5e97449be8870e34423ce3696459589f,text2qti_choice_f93fa369d5ee11b483e345a54ecec7e9da28b06b0d5b79ff891cef2a0328078d</fieldentry>
            </qtimetadatafield>
            <qtimetadatafield>
              <fieldlabel>assessment_question_identifierref</fieldlabel>
              <fieldentry>text2qti_question_ref_1ffcadcb829d5c38a90f7ea6637aa90136b548ff6fd727c3306baccd34f0b5a9</fieldentry>
            </qtimetadatafield>
          </qtimetadata>
        </itemmetadata>
        <presentation>
          <material>
            <mattext texttype="text/html">&lt;p&gt;In Unidad 17, one goal is to learn how to use spellcheck in Spanish.&lt;/p&gt;</mattext>
          </material>
          <response_lid ident="response1" rcardinality="Single">
            <render_choice>
              <response_label ident="text2qti_choice_8cc3f6cd7af8c10993a6ed6699154c1a5e97449be8870e34423ce3696459589f">
                <material>
                  <mattext texttype="text/html">&lt;p&gt;True&lt;/p&gt;</mattext>
                </material>
              </response_label>
              <response_label ident="text2qti_choice_f93fa369d5ee11b483e345a54ecec7e9da28b06b0d5b79ff891cef2a0328078d">
                <material>
                  <mattext texttype="text/html">&lt;p&gt;False&lt;/p&gt;</mattext>
                </material>
              </response_label>
            </render_choice>
          </response_lid>
        </presentation>
        <resprocessing>
          <outcomes>
            <decvar maxvalue="100" minvalue="0" varname="SCORE" vartype="Decimal"/>
          </outcomes>
          <respcondition continue="No">
            <conditionvar>
              <varequal respident="response1">text2qti_choice_8cc3f6cd7af8c10993a6ed6699154c1a5e97449be8870e34423ce3696459589f</varequal>
            </conditionvar>
            <setvar action="Set" varname="SCORE">100</setvar>
          </respcondition>
        </resprocessing>
      </item>
      <item ident="text2qti_question_722d750832f87845406c65aa17ac9ec98d72978722ec0efd63194f5caf6a2d28" title="Question">
        <itemmetadata>
          <qtimetadata>
            <qtimetadatafield>
              <fieldlabel>question_type</fieldlabel>
              <fieldentry>multiple_choice_question</fieldentry>
            </qtimetadatafield>
            <qtimetadatafield>
              <fieldlabel>points_possible</fieldlabel>
              <fieldentry>1</fieldentry>
            </qtimetadatafield>
            <qtimetadatafield>
              <fieldlabel>original_answer_ids</fieldlabel>
              <fieldentry>text2qti_choice_87ffc81f20c00219754026ac4fa6f06b5b283c2e0eeff1303be4a3a4406c9d6a,text2qti_choice_fcf53ffc7d66f886f32e571495517088d09371c5ff47608b28a466bad1007699,text2qti_choice_6677146f97e39f98052237caaa0cd396704e79449cc1f893ed6e54deeb05b2f8,text2qti_choice_4a36387c6a0c96eb9f246c21a684700d335003eedd287e2e24c5d522ea4507ee</fieldentry>
            </qtimetadatafield>
            <qtimetadatafield>
              <fieldlabel>assessment_question_identifierref</fieldlabel>
              <fieldentry>text2qti_question_ref_722d750832f87845406c65aa17ac9ec98d72978722ec0efd63194f5caf6a2d28</fieldentry>
            </qtimetadatafield>
          </qtimetadata>
        </itemmetadata>
        <presentation>
          <material>
            <mattext texttype="text/html">&lt;p&gt;Which of these is a focus of Unidad 18: ¿Te sorprende que un poema pueda expresar la identidad?&lt;/p&gt;</mattext>
          </material>
          <response_lid ident="response1" rcardinality="Single">
            <render_choice>
              <response_label ident="text2qti_choice_87ffc81f20c00219754026ac4fa6f06b5b283c2e0eeff1303be4a3a4406c9d6a">
                <material>
                  <mattext texttype="text/html">&lt;p&gt;Mastering financial vocabulary&lt;/p&gt;</mattext>
                </material>
              </response_label>
              <response_label ident="text2qti_choice_fcf53ffc7d66f886f32e571495517088d09371c5ff47608b28a466bad1007699">
                <material>
                  <mattext texttype="text/html">&lt;p&gt;Understanding a poem by a Nuyorican poet&lt;/p&gt;</mattext>
                </material>
              </response_label>
              <response_label ident="text2qti_choice_6677146f97e39f98052237caaa0cd396704e79449cc1f893ed6e54deeb05b2f8">
                <material>
                  <mattext texttype="text/html">&lt;p&gt;Exploring historic Spanish architecture&lt;/p&gt;</mattext>
                </material>
              </response_label>
              <response_label ident="text2qti_choice_4a36387c6a0c96eb9f246c21a684700d335003eedd287e2e24c5d522ea4507ee">
                <material>
                  <mattext texttype="text/html">&lt;p&gt;Learning about agricultural exports&lt;/p&gt;</mattext>
                </material>
              </response_label>
            </render_choice>
          </response_lid>
        </presentation>
        <resprocessing>
          <outcomes>
            <decvar maxvalue="100" minvalue="0" varname="SCORE" vartype="Decimal"/>
          </outcomes>
          <respcondition continue="No">
            <conditionvar>
              <varequal respident="response1">text2qti_choice_fcf53ffc7d66f886f32e571495517088d09371c5ff47608b28a466bad1007699</varequal>
            </conditionvar>
            <setvar action="Set" varname="SCORE">100</setvar>
          </respcondition>
        </resprocessing>
      </item>
      <item ident="text2qti_question_36311dbdcaa937828e179668be6e0bdbec29948b39a20c1c0ee278d98da56381" title="Question">
        <itemmetadata>
          <qtimetadata>
            <qtimetadatafield>
              <fieldlabel>question_type</fieldlabel>
              <fieldentry>multiple_choice_question</fieldentry>
            </qtimetadatafield>
            <qtimetadatafield>
              <fieldlabel>points_possible</fieldlabel>
              <fieldentry>1</fieldentry>
            </qtimetadatafield>
            <qtimetadatafield>
              <fieldlabel>original_answer_ids</fieldlabel>
              <fieldentry>text2qti_choice_333d2681651d90406d48d6f1b5728d39e518ef74608295c551cf7133a3b12b63,text2qti_choice_6c683abe78bcbea74d1f0dc51a670d153d5a5f219695483e94a397eeee211f9b,text2qti_choice_6881f159ec19517566bef27a11b9290aa4b07f56f83f57228302835d08fe5db8,text2qti_choice_a0f6b333348a7459ff36e5cca290759058109672538cf25dfd657f631b869dce</fieldentry>
            </qtimetadatafield>
            <qtimetadatafield>
              <fieldlabel>assessment_question_identifierref</fieldlabel>
              <fieldentry>text2qti_question_ref_36311dbdcaa937828e179668be6e0bdbec29948b39a20c1c0ee278d98da56381</fieldentry>
            </qtimetadatafield>
          </qtimetadata>
        </itemmetadata>
        <presentation>
          <material>
            <mattext texttype="text/html">&lt;p&gt;What is a communication-related skill practiced in Unidad 16?&lt;/p&gt;</mattext>
          </material>
          <response_lid ident="response1" rcardinality="Single">
            <render_choice>
              <response_label ident="text2qti_choice_333d2681651d90406d48d6f1b5728d39e518ef74608295c551cf7133a3b12b63">
                <material>
                  <mattext texttype="text/html">&lt;p&gt;Cooking traditional foods&lt;/p&gt;</mattext>
                </material>
              </response_label>
              <response_label ident="text2qti_choice_6c683abe78bcbea74d1f0dc51a670d153d5a5f219695483e94a397eeee211f9b">
                <material>
                  <mattext texttype="text/html">&lt;p&gt;Analyzing ancient texts&lt;/p&gt;</mattext>
                </material>
              </response_label>
              <response_label ident="text2qti_choice_6881f159ec19517566bef27a11b9290aa4b07f56f83f57228302835d08fe5db8">
                <material>
                  <mattext texttype="text/html">&lt;p&gt;Solving math problems&lt;/p&gt;</mattext>
                </material>
              </response_label>
              <response_label ident="text2qti_choice_a0f6b333348a7459ff36e5cca290759058109672538cf25dfd657f631b869dce">
                <material>
                  <mattext texttype="text/html">&lt;p&gt;Using appropriate intonation patterns in Spanish&lt;/p&gt;</mattext>
                </material>
              </response_label>
            </render_choice>
          </response_lid>
        </presentation>
        <resprocessing>
          <outcomes>
            <decvar maxvalue="100" minvalue="0" varname="SCORE" vartype="Decimal"/>
          </outcomes>
          <respcondition continue="No">
            <conditionvar>
              <varequal respident="response1">text2qti_choice_a0f6b333348a7459ff36e5cca290759058109672538cf25dfd657f631b869dce</varequal>
            </conditionvar>
            <setvar action="Set" varname="SCORE">100</setvar>
          </respcondition>
        </resprocessing>
      </item>
      <item ident="text2qti_question_03013f44d69dbc9dd2e1336f6b31a329a36d7a69b2db249e3c6fa713dfed540b" title="Question">
        <itemmetadata>
          <qtimetadata>
            <qtimetadatafield>
              <fieldlabel>question_type</fieldlabel>
              <fieldentry>multiple_answers_question</fieldentry>
            </qtimetadatafield>
            <qtimetadatafield>
              <fieldlabel>points_possible</fieldlabel>
              <fieldentry>1</fieldentry>
            </qtimetadatafield>
            <qtimetadatafield>
              <fieldlabel>original_answer_ids</fieldlabel>
              <fieldentry>text2qti_choice_74c669d2d1384aee59a24f599bdf6edbdaa13429ea9f0a233dae036288421cc7,text2qti_choice_7fc4e8197c36083b942723ed127e57d370444a483747bc9c3188a8a54bf1b044,text2qti_choice_4b6cb352cc091d524e4142ccc8143e5482a65875ba4cd6ad6341be2b00629001,text2qti_choice_97864cf09d2a306d841a7a57e51267fc51bb729c00c45451a4877ff37759b7b2</fieldentry>
            </qtimetadatafield>
            <qtimetadatafield>
              <fieldlabel>assessment_question_identifierref</fieldlabel>
              <fieldentry>text2qti_question_ref_03013f44d69dbc9dd2e1336f6b31a329a36d7a69b2db249e3c6fa713dfed540b</fieldentry>
            </qtimetadatafield>
          </qtimetadata>
        </itemmetadata>
        <presentation>
          <material>
            <mattext texttype="text/html">&lt;p&gt;Which of the following are explored when discussing stereotypes in Unidad 17? (Select all that apply)&lt;/p&gt;</mattext>
          </material>
          <response_lid ident="response1" rcardinality="Multiple">
            <render_choice>
              <response_label ident="text2qti_choice_74c669d2d1384aee59a24f599bdf6edbdaa13429ea9f0a233dae036288421cc7">
                <material>
                  <mattext texttype="text/html">&lt;p&gt;Stereotypes present in the Spanish-speaking world&lt;/p&gt;</mattext>
                </material>
              </response_label>
              <response_label ident="text2qti_choice_7fc4e8197c36083b942723ed127e57d370444a483747bc9c3188a8a54bf1b044">
                <material>
                  <mattext texttype="text/html">&lt;p&gt;Stereotypes about different regions or communities&lt;/p&gt;</mattext>
                </material>
              </response_label>
              <response_label ident="text2qti_choice_4b6cb352cc091d524e4142ccc8143e5482a65875ba4cd6ad6341be2b00629001">
                <material>
                  <mattext texttype="text/html">&lt;p&gt;Rules for Spanish punctuation&lt;/p&gt;</mattext>
                </material>
              </response_label>
              <response_label ident="text2qti_choice_97864cf09d2a306d841a7a57e51267fc51bb729c00c45451a4877ff37759b7b2">
                <material>
                  <mattext texttype="text/html">&lt;p&gt;The history of the Spanish Civil War&lt;/p&gt;</mattext>
                </material>
              </response_label>
            </render_choice>
          </response_lid>
        </presentation>
        <resprocessing>
          <outcomes>
            <decvar maxvalue="100" minvalue="0" varname="SCORE" vartype="Decimal"/>
          </outcomes>
          <respcondition continue="No">
            <conditionvar>
              <and>
                <varequal respident="response1">text2qti_choice_74c669d2d1384aee59a24f599bdf6edbdaa13429ea9f0a233dae036288421cc7</varequal>
                <varequal respident="response1">text2qti_choice_7fc4e8197c36083b942723ed127e57d370444a483747bc9c3188a8a54bf1b044</varequal>
                <not>
                  <varequal respident="response1">text2qti_choice_4b6cb352cc091d524e4142ccc8143e5482a65875ba4cd6ad6341be2b00629001</varequal>
                </not>
                <not>
                  <varequal respident="response1">text2qti_choice_97864cf09d2a306d841a7a57e51267fc51bb729c00c45451a4877ff37759b7b2</varequal>
                </not>
              </and>
            </conditionvar>
            <setvar action="Set" varname="SCORE">100</setvar>
          </respcondition>
        </resprocessing>
      </item>
      <item ident="text2qti_question_399cb7ab4e0a453439ecd197f00296fa64dd1b5b997ebd3d61d1771d3f228556" title="Question">
        <itemmetadata>
          <qtimetadata>
            <qtimetadatafield>
              <fieldlabel>question_type</fieldlabel>
              <fieldentry>multiple_answers_question</fieldentry>
            </qtimetadatafield>
            <qtimetadatafield>
              <fieldlabel>points_possible</fieldlabel>
              <fieldentry>1</fieldentry>
            </qtimetadatafield>
            <qtimetadatafield>
              <fieldlabel>original_answer_ids</fieldlabel>
              <fieldentry>text2qti_choice_09adf94ba19e85d9bb08201f783e1dc310a1c9ca5a2c19da851fbf870410a223,text2qti_choice_c766b21e420efb805b3e23a2d7ef1976a8f7489466c7ebf999951701dcb8264c,text2qti_choice_8742117a68a3c4aa3c17289836b4f477be8aeba476656c148a51b6419b7e4b4a,text2qti_choice_29cf127f996e87087d6a812d318345a2b6a1648176cda7957bfbf139400f3d59</fieldentry>
            </qtimetadatafield>
            <qtimetadatafield>
              <fieldlabel>assessment_question_identifierref</fieldlabel>
              <fieldentry>text2qti_question_ref_399cb7ab4e0a453439ecd197f00296fa64dd1b5b997ebd3d61d1771d3f228556</fieldentry>
            </qtimetadatafield>
          </qtimetadata>
        </itemmetadata>
        <presentation>
          <material>
            <mattext texttype="text/html">&lt;p&gt;Which are strategies students are encouraged to use in Unidad 15? (Select all that apply)&lt;/p&gt;</mattext>
          </material>
          <response_lid ident="response1" rcardinality="Multiple">
            <render_choice>
              <response_label ident="text2qti_choice_09adf94ba19e85d9bb08201f783e1dc310a1c9ca5a2c19da851fbf870410a223">
                <material>
                  <mattext texttype="text/html">&lt;p&gt;Apply engaging strategies in storytelling&lt;/p&gt;</mattext>
                </material>
              </response_label>
              <response_label ident="text2qti_choice_c766b21e420efb805b3e23a2d7ef1976a8f7489466c7ebf999951701dcb8264c">
                <material>
                  <mattext texttype="text/html">&lt;p&gt;Spell words with the letters g and j&lt;/p&gt;</mattext>
                </material>
              </response_label>
              <response_label ident="text2qti_choice_8742117a68a3c4aa3c17289836b4f477be8aeba476656c148a51b6419b7e4b4a">
                <material>
                  <mattext texttype="text/html">&lt;p&gt;Memorize every Spanish verb&lt;/p&gt;</mattext>
                </material>
              </response_label>
              <response_label ident="text2qti_choice_29cf127f996e87087d6a812d318345a2b6a1648176cda7957bfbf139400f3d59">
                <material>
                  <mattext texttype="text/html">&lt;p&gt;Practice chemistry experiments&lt;/p&gt;</mattext>
                </material>
              </response_label>
            </render_choice>
          </response_lid>
        </presentation>
        <resprocessing>
          <outcomes>
            <decvar maxvalue="100" minvalue="0" varname="SCORE" vartype="Decimal"/>
          </outcomes>
          <respcondition continue="No">
            <conditionvar>
              <and>
                <varequal respident="response1">text2qti_choice_09adf94ba19e85d9bb08201f783e1dc310a1c9ca5a2c19da851fbf870410a223</varequal>
                <varequal respident="response1">text2qti_choice_c766b21e420efb805b3e23a2d7ef1976a8f7489466c7ebf999951701dcb8264c</varequal>
                <not>
                  <varequal respident="response1">text2qti_choice_8742117a68a3c4aa3c17289836b4f477be8aeba476656c148a51b6419b7e4b4a</varequal>
                </not>
                <not>
                  <varequal respident="response1">text2qti_choice_29cf127f996e87087d6a812d318345a2b6a1648176cda7957bfbf139400f3d59</varequal>
                </not>
              </and>
            </conditionvar>
            <setvar action="Set" varname="SCORE">100</setvar>
          </respcondition>
        </resprocessing>
      </item>
    </section>
  </assessment>
</questestinterop>
