<?xml version="1.0" encoding="UTF-8"?>
<questestinterop xmlns="http://www.imsglobal.org/xsd/ims_qtiasiv1p2" xmlns:xsi="http://www.w3.org/2001/XMLSchema-instance" xsi:schemaLocation="http://www.imsglobal.org/xsd/ims_qtiasiv1p2 http://www.imsglobal.org/xsd/ims_qtiasiv1p2p1.xsd">
  <assessment ident="text2qti_assessment_f7522cab6ef28ef0fa30ece2486c16015d48e79630ef85f5695547e63bf0d7b3" title="Quiz">
    <qtimetadata>
      <qtimetadatafield>
        <fieldlabel>cc_maxattempts</fieldlabel>
        <fieldentry>1</fieldentry>
      </qtimetadatafield>
    </qtimetadata>
    <section ident="root_section">
      <item ident="text2qti_question_e7d6e39a8091b267657d512c4903098a533aca1c7baf00db0d920e509488e414" title="Question">
        <itemmetadata>
          <qtimetadata>
            <qtimetadatafield>
              <fieldlabel>question_type</fieldlabel>
              <fieldentry>multiple_choice_question</fieldentry>
            </qtimetadatafield>
            <qtimetadatafield>
              <fieldlabel>points_possible</fieldlabel>
              <fieldentry>1</fieldentry>
            </qtimetadatafield>
            <qtimetadatafield>
              <fieldlabel>original_answer_ids</fieldlabel>
              <fieldentry>text2qti_choice_ca48375eaf467008bb2d0647dc2d2bed2e4340baf2563ad46401fc48243be0d3,text2qti_choice_1adfb952a6b6833bf2e76f3d6d884a1630250cd8931d1cd3fa7c195d503594ac,text2qti_choice_615c0f629eaed5b0042941142ba513ba14ee66dd98922c4e2bd345e6e6115e64,text2qti_choice_d30c08719c926a0a65312b6234f2ae49e008d90d22650337e9514c4374aa7903</fieldentry>
            </qtimetadatafield>
            <qtimetadatafield>
              <fieldlabel>assessment_question_identifierref</fieldlabel>
              <fieldentry>text2qti_question_ref_e7d6e39a8091b267657d512c4903098a533aca1c7baf00db0d920e509488e414</fieldentry>
            </qtimetadatafield>
          </qtimetadata>
        </itemmetadata>
        <presentation>
          <material>
            <mattext texttype="text/html">&lt;p&gt;Which of the following is NOT a requirement for students taking the CIS 4301 third exam?&lt;/p&gt;</mattext>
          </material>
          <response_lid ident="response1" rcardinality="Single">
            <render_choice>
              <response_label ident="text2qti_choice_ca48375eaf467008bb2d0647dc2d2bed2e4340baf2563ad46401fc48243be0d3">
                <material>
                  <mattext texttype="text/html">&lt;p&gt;Arriving at least 15 minutes before the exam start time&lt;/p&gt;</mattext>
                </material>
              </response_label>
              <response_label ident="text2qti_choice_1adfb952a6b6833bf2e76f3d6d884a1630250cd8931d1cd3fa7c195d503594ac">
                <material>
                  <mattext texttype="text/html">&lt;p&gt;Bringing your UFID to the exam&lt;/p&gt;</mattext>
                </material>
              </response_label>
              <response_label ident="text2qti_choice_615c0f629eaed5b0042941142ba513ba14ee66dd98922c4e2bd345e6e6115e64">
                <material>
                  <mattext texttype="text/html">&lt;p&gt;Taking the exam remotely from home&lt;/p&gt;</mattext>
                </material>
              </response_label>
              <response_label ident="text2qti_choice_d30c08719c926a0a65312b6234f2ae49e008d90d22650337e9514c4374aa7903">
                <material>
                  <mattext texttype="text/html">&lt;p&gt;Installing LockDown Browser prior to exam day&lt;/p&gt;</mattext>
                </material>
              </response_label>
            </render_choice>
          </response_lid>
        </presentation>
        <resprocessing>
          <outcomes>
            <decvar maxvalue="100" minvalue="0" varname="SCORE" vartype="Decimal"/>
          </outcomes>
          <respcondition continue="No">
            <conditionvar>
              <varequal respident="response1">text2qti_choice_d30c08719c926a0a65312b6234f2ae49e008d90d22650337e9514c4374aa7903</varequal>
            </conditionvar>
            <setvar action="Set" varname="SCORE">100</setvar>
          </respcondition>
        </resprocessing>
      </item>
      <item ident="text2qti_question_4819555ab03bf17949c5a0fca3ba44dd3900537bf8d1e6a23c67cdd4c64ab73d" title="Question">
        <itemmetadata>
          <qtimetadata>
            <qtimetadatafield>
              <fieldlabel>question_type</fieldlabel>
              <fieldentry>multiple_choice_question</fieldentry>
            </qtimetadatafield>
            <qtimetadatafield>
              <fieldlabel>points_possible</fieldlabel>
              <fieldentry>1</fieldentry>
            </qtimetadatafield>
            <qtimetadatafield>
              <fieldlabel>original_answer_ids</fieldlabel>
              <fieldentry>text2qti_choice_03ae4b2251a092df43fe441d110ae94c68b25cc96ee0f06e5d10138bdb5f0338,text2qti_choice_8f07f8f10c7f9374f91db8af67deb517f07e5e14b03f2f34e34035094e80aefa,text2qti_choice_e50441340d8249bb63a14e073a6b96fdaa3fc653e6953b42001475e77481655e,text2qti_choice_eb7ad888564f6d71744bd51b1c66860559a4236348c109bf0ae431254ccad53d</fieldentry>
            </qtimetadatafield>
            <qtimetadatafield>
              <fieldlabel>assessment_question_identifierref</fieldlabel>
              <fieldentry>text2qti_question_ref_4819555ab03bf17949c5a0fca3ba44dd3900537bf8d1e6a23c67cdd4c64ab73d</fieldentry>
            </qtimetadatafield>
          </qtimetadata>
        </itemmetadata>
        <presentation>
          <material>
            <mattext texttype="text/html">&lt;p&gt;Which property ensures that database changes made by a transaction are permanent even in the event of a system failure?&lt;/p&gt;</mattext>
          </material>
          <response_lid ident="response1" rcardinality="Single">
            <render_choice>
              <response_label ident="text2qti_choice_03ae4b2251a092df43fe441d110ae94c68b25cc96ee0f06e5d10138bdb5f0338">
                <material>
                  <mattext texttype="text/html">&lt;p&gt;Atomicity&lt;/p&gt;</mattext>
                </material>
              </response_label>
              <response_label ident="text2qti_choice_8f07f8f10c7f9374f91db8af67deb517f07e5e14b03f2f34e34035094e80aefa">
                <material>
                  <mattext texttype="text/html">&lt;p&gt;Consistency&lt;/p&gt;</mattext>
                </material>
              </response_label>
              <response_label ident="text2qti_choice_e50441340d8249bb63a14e073a6b96fdaa3fc653e6953b42001475e77481655e">
                <material>
                  <mattext texttype="text/html">&lt;p&gt;Isolation&lt;/p&gt;</mattext>
                </material>
              </response_label>
              <response_label ident="text2qti_choice_eb7ad888564f6d71744bd51b1c66860559a4236348c109bf0ae431254ccad53d">
                <material>
                  <mattext texttype="text/html">&lt;p&gt;Durability&lt;/p&gt;</mattext>
                </material>
              </response_label>
            </render_choice>
          </response_lid>
        </presentation>
        <resprocessing>
          <outcomes>
            <decvar maxvalue="100" minvalue="0" varname="SCORE" vartype="Decimal"/>
          </outcomes>
          <respcondition continue="No">
            <conditionvar>
              <varequal respident="response1">text2qti_choice_eb7ad888564f6d71744bd51b1c66860559a4236348c109bf0ae431254ccad53d</varequal>
            </conditionvar>
            <setvar action="Set" varname="SCORE">100</setvar>
          </respcondition>
        </resprocessing>
      </item>
      <item ident="text2qti_question_cfb1e775fa6b70c4222def7b94e5316fec3b7b8739cb5faa45fc4d370cbcea13" title="Question">
        <itemmetadata>
          <qtimetadata>
            <qtimetadatafield>
              <fieldlabel>question_type</fieldlabel>
              <fieldentry>multiple_choice_question</fieldentry>
            </qtimetadatafield>
            <qtimetadatafield>
              <fieldlabel>points_possible</fieldlabel>
              <fieldentry>1</fieldentry>
            </qtimetadatafield>
            <qtimetadatafield>
              <fieldlabel>original_answer_ids</fieldlabel>
              <fieldentry>text2qti_choice_00153c30054e02bb22aa01e4519dd2f034bb872a059ebd6bc981309145971dee,text2qti_choice_725136c243c5fa982703b80d1126406a646d9c5c9b284faf74b62874dcea1508,text2qti_choice_1b7e534aee9b4411fe0fcad5a00ac24ee304580c5d992044a13a7c049ec1e907,text2qti_choice_e5100603a9ab866d189711a29abf55727894b88d72b0697f4a5a9a2ac359c68f</fieldentry>
            </qtimetadatafield>
            <qtimetadatafield>
              <fieldlabel>assessment_question_identifierref</fieldlabel>
              <fieldentry>text2qti_question_ref_cfb1e775fa6b70c4222def7b94e5316fec3b7b8739cb5faa45fc4d370cbcea13</fieldentry>
            </qtimetadatafield>
          </qtimetadata>
        </itemmetadata>
        <presentation>
          <material>
            <mattext texttype="text/html">&lt;p&gt;What is the main purpose of a foreign key constraint in a relational database?&lt;/p&gt;</mattext>
          </material>
          <response_lid ident="response1" rcardinality="Single">
            <render_choice>
              <response_label ident="text2qti_choice_00153c30054e02bb22aa01e4519dd2f034bb872a059ebd6bc981309145971dee">
                <material>
                  <mattext texttype="text/html">&lt;p&gt;Ensuring all values in a column are unique&lt;/p&gt;</mattext>
                </material>
              </response_label>
              <response_label ident="text2qti_choice_725136c243c5fa982703b80d1126406a646d9c5c9b284faf74b62874dcea1508">
                <material>
                  <mattext texttype="text/html">&lt;p&gt;Maintaining referential integrity between tables&lt;/p&gt;</mattext>
                </material>
              </response_label>
              <response_label ident="text2qti_choice_1b7e534aee9b4411fe0fcad5a00ac24ee304580c5d992044a13a7c049ec1e907">
                <material>
                  <mattext texttype="text/html">&lt;p&gt;Improving query performance&lt;/p&gt;</mattext>
                </material>
              </response_label>
              <response_label ident="text2qti_choice_e5100603a9ab866d189711a29abf55727894b88d72b0697f4a5a9a2ac359c68f">
                <material>
                  <mattext texttype="text/html">&lt;p&gt;Enforcing domain constraints on a column&lt;/p&gt;</mattext>
                </material>
              </response_label>
            </render_choice>
          </response_lid>
        </presentation>
        <resprocessing>
          <outcomes>
            <decvar maxvalue="100" minvalue="0" varname="SCORE" vartype="Decimal"/>
          </outcomes>
          <respcondition continue="No">
            <conditionvar>
              <varequal respident="response1">text2qti_choice_725136c243c5fa982703b80d1126406a646d9c5c9b284faf74b62874dcea1508</varequal>
            </conditionvar>
            <setvar action="Set" varname="SCORE">100</setvar>
          </respcondition>
        </resprocessing>
      </item>
      <item ident="text2qti_question_690238e0d1701c1e6177191ee7d900421e9c97414ea86de2fdc9c32da4034b68" title="Question">
        <itemmetadata>
          <qtimetadata>
            <qtimetadatafield>
              <fieldlabel>question_type</fieldlabel>
              <fieldentry>multiple_choice_question</fieldentry>
            </qtimetadatafield>
            <qtimetadatafield>
              <fieldlabel>points_possible</fieldlabel>
              <fieldentry>1</fieldentry>
            </qtimetadatafield>
            <qtimetadatafield>
              <fieldlabel>original_answer_ids</fieldlabel>
              <fieldentry>text2qti_choice_8889590f8a2e951db2c76e5ae628f204a24bd29424923da36d1ca4cd33736428,text2qti_choice_e697c275f321b8b330255066e5ae8e0b324cd8ffdacb80dfa23487b7f3a1a052,text2qti_choice_6ef4e7a6b18b6b6e650ff960ab25c7d4266de482452bc8e9ec534ee11f5d7be2,text2qti_choice_6470550ece3f5bb4b679b4dd93e10d15a867e56b80758f207ca70f77a1f1e42d</fieldentry>
            </qtimetadatafield>
            <qtimetadatafield>
              <fieldlabel>assessment_question_identifierref</fieldlabel>
              <fieldentry>text2qti_question_ref_690238e0d1701c1e6177191ee7d900421e9c97414ea86de2fdc9c32da4034b68</fieldentry>
            </qtimetadatafield>
          </qtimetadata>
        </itemmetadata>
        <presentation>
          <material>
            <mattext texttype="text/html">&lt;p&gt;Which of the following best describes a virtual view?&lt;/p&gt;</mattext>
          </material>
          <response_lid ident="response1" rcardinality="Single">
            <render_choice>
              <response_label ident="text2qti_choice_8889590f8a2e951db2c76e5ae628f204a24bd29424923da36d1ca4cd33736428">
                <material>
                  <mattext texttype="text/html">&lt;p&gt;A view that does not store data physically but derives results from base tables&lt;/p&gt;</mattext>
                </material>
              </response_label>
              <response_label ident="text2qti_choice_e697c275f321b8b330255066e5ae8e0b324cd8ffdacb80dfa23487b7f3a1a052">
                <material>
                  <mattext texttype="text/html">&lt;p&gt;A view that stores its own copy of data&lt;/p&gt;</mattext>
                </material>
              </response_label>
              <response_label ident="text2qti_choice_6ef4e7a6b18b6b6e650ff960ab25c7d4266de482452bc8e9ec534ee11f5d7be2">
                <material>
                  <mattext texttype="text/html">&lt;p&gt;A view that cannot be queried&lt;/p&gt;</mattext>
                </material>
              </response_label>
              <response_label ident="text2qti_choice_6470550ece3f5bb4b679b4dd93e10d15a867e56b80758f207ca70f77a1f1e42d">
                <material>
                  <mattext texttype="text/html">&lt;p&gt;A view that always allows data modification&lt;/p&gt;</mattext>
                </material>
              </response_label>
            </render_choice>
          </response_lid>
        </presentation>
        <resprocessing>
          <outcomes>
            <decvar maxvalue="100" minvalue="0" varname="SCORE" vartype="Decimal"/>
          </outcomes>
          <respcondition continue="No">
            <conditionvar>
              <varequal respident="response1">text2qti_choice_8889590f8a2e951db2c76e5ae628f204a24bd29424923da36d1ca4cd33736428</varequal>
            </conditionvar>
            <setvar action="Set" varname="SCORE">100</setvar>
          </respcondition>
        </resprocessing>
      </item>
      <item ident="text2qti_question_c764f1e1e69adb391402a5b9d62aab951e53d7592aea7fa39509287b29456f32" title="Question">
        <itemmetadata>
          <qtimetadata>
            <qtimetadatafield>
              <fieldlabel>question_type</fieldlabel>
              <fieldentry>multiple_choice_question</fieldentry>
            </qtimetadatafield>
            <qtimetadatafield>
              <fieldlabel>points_possible</fieldlabel>
              <fieldentry>1</fieldentry>
            </qtimetadatafield>
            <qtimetadatafield>
              <fieldlabel>original_answer_ids</fieldlabel>
              <fieldentry>text2qti_choice_356d4dae64aa68b253864460ff96fba2684337ca5b2feb1e8a9b01d9a3236d39,text2qti_choice_b0502c5df5f526db73e6b81616b52da0b44b335b977e3bbb7e48ed1432abad33,text2qti_choice_eef0443142e18fe6da1f6e2ab57dfca935b6ddad6ff61f3e857ec80ef3a93f21,text2qti_choice_307b012169f07ca1332c91ff50b3962e870b57c7d405ea3975588fd31de0f4e3</fieldentry>
            </qtimetadatafield>
            <qtimetadatafield>
              <fieldlabel>assessment_question_identifierref</fieldlabel>
              <fieldentry>text2qti_question_ref_c764f1e1e69adb391402a5b9d62aab951e53d7592aea7fa39509287b29456f32</fieldentry>
            </qtimetadatafield>
          </qtimetadata>
        </itemmetadata>
        <presentation>
          <material>
            <mattext texttype="text/html">&lt;p&gt;Which of the following is a trade-off of using indexes in a database?&lt;/p&gt;</mattext>
          </material>
          <response_lid ident="response1" rcardinality="Single">
            <render_choice>
              <response_label ident="text2qti_choice_356d4dae64aa68b253864460ff96fba2684337ca5b2feb1e8a9b01d9a3236d39">
                <material>
                  <mattext texttype="text/html">&lt;p&gt;Indexes always slow down query performance&lt;/p&gt;</mattext>
                </material>
              </response_label>
              <response_label ident="text2qti_choice_b0502c5df5f526db73e6b81616b52da0b44b335b977e3bbb7e48ed1432abad33">
                <material>
                  <mattext texttype="text/html">&lt;p&gt;Indexes prevent data integrity violations&lt;/p&gt;</mattext>
                </material>
              </response_label>
              <response_label ident="text2qti_choice_eef0443142e18fe6da1f6e2ab57dfca935b6ddad6ff61f3e857ec80ef3a93f21">
                <material>
                  <mattext texttype="text/html">&lt;p&gt;Indexes can improve query speed but may slow down data modification operations&lt;/p&gt;</mattext>
                </material>
              </response_label>
              <response_label ident="text2qti_choice_307b012169f07ca1332c91ff50b3962e870b57c7d405ea3975588fd31de0f4e3">
                <material>
                  <mattext texttype="text/html">&lt;p&gt;Indexes are only used for enforcing constraints&lt;/p&gt;</mattext>
                </material>
              </response_label>
            </render_choice>
          </response_lid>
        </presentation>
        <resprocessing>
          <outcomes>
            <decvar maxvalue="100" minvalue="0" varname="SCORE" vartype="Decimal"/>
          </outcomes>
          <respcondition continue="No">
            <conditionvar>
              <varequal respident="response1">text2qti_choice_eef0443142e18fe6da1f6e2ab57dfca935b6ddad6ff61f3e857ec80ef3a93f21</varequal>
            </conditionvar>
            <setvar action="Set" varname="SCORE">100</setvar>
          </respcondition>
        </resprocessing>
      </item>
      <item ident="text2qti_question_337e9efbf5a89501d969a3a37391384d8ce8a04b8c58e94d58868caa6fdaf85f" title="Question">
        <itemmetadata>
          <qtimetadata>
            <qtimetadatafield>
              <fieldlabel>question_type</fieldlabel>
              <fieldentry>multiple_answers_question</fieldentry>
            </qtimetadatafield>
            <qtimetadatafield>
              <fieldlabel>points_possible</fieldlabel>
              <fieldentry>1</fieldentry>
            </qtimetadatafield>
            <qtimetadatafield>
              <fieldlabel>original_answer_ids</fieldlabel>
              <fieldentry>text2qti_choice_19ae2fff93a616c303371be022316aa61d80c878f54fb2bbee6f49b417ea467f,text2qti_choice_e2952d471f3e24ed7dfc19ddac074d3b955421541484497b41ff0faae86d5a88,text2qti_choice_ec28b04407f5cf0cdd751bf418eac96b619393fc623cf84f1a919fce3cdb5321,text2qti_choice_51c5bceaaaf4d6f0058c5a43daefb555c5c2d8efaea6f49e3d1ee5915ed8d4e9</fieldentry>
            </qtimetadatafield>
            <qtimetadatafield>
              <fieldlabel>assessment_question_identifierref</fieldlabel>
              <fieldentry>text2qti_question_ref_337e9efbf5a89501d969a3a37391384d8ce8a04b8c58e94d58868caa6fdaf85f</fieldentry>
            </qtimetadatafield>
          </qtimetadata>
        </itemmetadata>
        <presentation>
          <material>
            <mattext texttype="text/html">&lt;p&gt;Which of the following are ACID properties of transactions? (Select all that apply)&lt;/p&gt;</mattext>
          </material>
          <response_lid ident="response1" rcardinality="Multiple">
            <render_choice>
              <response_label ident="text2qti_choice_19ae2fff93a616c303371be022316aa61d80c878f54fb2bbee6f49b417ea467f">
                <material>
                  <mattext texttype="text/html">&lt;p&gt;Atomicity&lt;/p&gt;</mattext>
                </material>
              </response_label>
              <response_label ident="text2qti_choice_e2952d471f3e24ed7dfc19ddac074d3b955421541484497b41ff0faae86d5a88">
                <material>
                  <mattext texttype="text/html">&lt;p&gt;Consistency&lt;/p&gt;</mattext>
                </material>
              </response_label>
              <response_label ident="text2qti_choice_ec28b04407f5cf0cdd751bf418eac96b619393fc623cf84f1a919fce3cdb5321">
                <material>
                  <mattext texttype="text/html">&lt;p&gt;Isolation&lt;/p&gt;</mattext>
                </material>
              </response_label>
              <response_label ident="text2qti_choice_51c5bceaaaf4d6f0058c5a43daefb555c5c2d8efaea6f49e3d1ee5915ed8d4e9">
                <material>
                  <mattext texttype="text/html">&lt;p&gt;Accessibility&lt;/p&gt;</mattext>
                </material>
              </response_label>
            </render_choice>
          </response_lid>
        </presentation>
        <resprocessing>
          <outcomes>
            <decvar maxvalue="100" minvalue="0" varname="SCORE" vartype="Decimal"/>
          </outcomes>
          <respcondition continue="No">
            <conditionvar>
              <and>
                <varequal respident="response1">text2qti_choice_19ae2fff93a616c303371be022316aa61d80c878f54fb2bbee6f49b417ea467f</varequal>
                <varequal respident="response1">text2qti_choice_e2952d471f3e24ed7dfc19ddac074d3b955421541484497b41ff0faae86d5a88</varequal>
                <varequal respident="response1">text2qti_choice_ec28b04407f5cf0cdd751bf418eac96b619393fc623cf84f1a919fce3cdb5321</varequal>
                <not>
                  <varequal respident="response1">text2qti_choice_51c5bceaaaf4d6f0058c5a43daefb555c5c2d8efaea6f49e3d1ee5915ed8d4e9</varequal>
                </not>
              </and>
            </conditionvar>
            <setvar action="Set" varname="SCORE">100</setvar>
          </respcondition>
        </resprocessing>
      </item>
      <item ident="text2qti_question_2a738bfbe93116fc56ee52f632249f843965eb7461eb9c89bc9abf9748672916" title="Question">
        <itemmetadata>
          <qtimetadata>
            <qtimetadatafield>
              <fieldlabel>question_type</fieldlabel>
              <fieldentry>multiple_answers_question</fieldentry>
            </qtimetadatafield>
            <qtimetadatafield>
              <fieldlabel>points_possible</fieldlabel>
              <fieldentry>1</fieldentry>
            </qtimetadatafield>
            <qtimetadatafield>
              <fieldlabel>original_answer_ids</fieldlabel>
              <fieldentry>text2qti_choice_1621d50dbac595d150bfe83cef72b1f6fdd9535b881316b500d797033725b6af,text2qti_choice_9fd00eccadb6833777217234dc0b4150247b445d9dceaf1f69632e943cc8dfc4,text2qti_choice_84caa3d04c566e8f1d855c8413a69b492d6e26d3a1bbe672b5404db6f960f647,text2qti_choice_f3d4b360c603320e88213e76f7dfff8b62ce34ad7ed81dafdd2e4cfc248df3de</fieldentry>
            </qtimetadatafield>
            <qtimetadatafield>
              <fieldlabel>assessment_question_identifierref</fieldlabel>
              <fieldentry>text2qti_question_ref_2a738bfbe93116fc56ee52f632249f843965eb7461eb9c89bc9abf9748672916</fieldentry>
            </qtimetadatafield>
          </qtimetadata>
        </itemmetadata>
        <presentation>
          <material>
            <mattext texttype="text/html">&lt;p&gt;Which of the following are types of database constraints? (Select all that apply)&lt;/p&gt;</mattext>
          </material>
          <response_lid ident="response1" rcardinality="Multiple">
            <render_choice>
              <response_label ident="text2qti_choice_1621d50dbac595d150bfe83cef72b1f6fdd9535b881316b500d797033725b6af">
                <material>
                  <mattext texttype="text/html">&lt;p&gt;Primary key&lt;/p&gt;</mattext>
                </material>
              </response_label>
              <response_label ident="text2qti_choice_9fd00eccadb6833777217234dc0b4150247b445d9dceaf1f69632e943cc8dfc4">
                <material>
                  <mattext texttype="text/html">&lt;p&gt;Foreign key&lt;/p&gt;</mattext>
                </material>
              </response_label>
              <response_label ident="text2qti_choice_84caa3d04c566e8f1d855c8413a69b492d6e26d3a1bbe672b5404db6f960f647">
                <material>
                  <mattext texttype="text/html">&lt;p&gt;Unique&lt;/p&gt;</mattext>
                </material>
              </response_label>
              <response_label ident="text2qti_choice_f3d4b360c603320e88213e76f7dfff8b62ce34ad7ed81dafdd2e4cfc248df3de">
                <material>
                  <mattext texttype="text/html">&lt;p&gt;Trigger&lt;/p&gt;</mattext>
                </material>
              </response_label>
            </render_choice>
          </response_lid>
        </presentation>
        <resprocessing>
          <outcomes>
            <decvar maxvalue="100" minvalue="0" varname="SCORE" vartype="Decimal"/>
          </outcomes>
          <respcondition continue="No">
            <conditionvar>
              <and>
                <varequal respident="response1">text2qti_choice_1621d50dbac595d150bfe83cef72b1f6fdd9535b881316b500d797033725b6af</varequal>
                <varequal respident="response1">text2qti_choice_9fd00eccadb6833777217234dc0b4150247b445d9dceaf1f69632e943cc8dfc4</varequal>
                <varequal respident="response1">text2qti_choice_84caa3d04c566e8f1d855c8413a69b492d6e26d3a1bbe672b5404db6f960f647</varequal>
                <not>
                  <varequal respident="response1">text2qti_choice_f3d4b360c603320e88213e76f7dfff8b62ce34ad7ed81dafdd2e4cfc248df3de</varequal>
                </not>
              </and>
            </conditionvar>
            <setvar action="Set" varname="SCORE">100</setvar>
          </respcondition>
        </resprocessing>
      </item>
      <item ident="text2qti_question_0d621a45d73a8e08bc549e420cd0b22dc6f45cbd497fd65665e1971c868ba6ae" title="Question">
        <itemmetadata>
          <qtimetadata>
            <qtimetadatafield>
              <fieldlabel>question_type</fieldlabel>
              <fieldentry>true_false_question</fieldentry>
            </qtimetadatafield>
            <qtimetadatafield>
              <fieldlabel>points_possible</fieldlabel>
              <fieldentry>1</fieldentry>
            </qtimetadatafield>
            <qtimetadatafield>
              <fieldlabel>original_answer_ids</fieldlabel>
              <fieldentry>text2qti_choice_f6f174ce1c22df898af4366fe3887cf353f907d1b435e9ed473ccbb0dfcef452,text2qti_choice_55763984c7c5b47cf3b59da922a3b3f78e584381ad2bb73cc46989a886794b2d</fieldentry>
            </qtimetadatafield>
            <qtimetadatafield>
              <fieldlabel>assessment_question_identifierref</fieldlabel>
              <fieldentry>text2qti_question_ref_0d621a45d73a8e08bc549e420cd0b22dc6f45cbd497fd65665e1971c868ba6ae</fieldentry>
            </qtimetadatafield>
          </qtimetadata>
        </itemmetadata>
        <presentation>
          <material>
            <mattext texttype="text/html">&lt;p&gt;All students must bring their UFID to the exam for identification purposes.&lt;/p&gt;</mattext>
          </material>
          <response_lid ident="response1" rcardinality="Single">
            <render_choice>
              <response_label ident="text2qti_choice_f6f174ce1c22df898af4366fe3887cf353f907d1b435e9ed473ccbb0dfcef452">
                <material>
                  <mattext texttype="text/html">&lt;p&gt;True&lt;/p&gt;</mattext>
                </material>
              </response_label>
              <response_label ident="text2qti_choice_55763984c7c5b47cf3b59da922a3b3f78e584381ad2bb73cc46989a886794b2d">
                <material>
                  <mattext texttype="text/html">&lt;p&gt;False&lt;/p&gt;</mattext>
                </material>
              </response_label>
            </render_choice>
          </response_lid>
        </presentation>
        <resprocessing>
          <outcomes>
            <decvar maxvalue="100" minvalue="0" varname="SCORE" vartype="Decimal"/>
          </outcomes>
          <respcondition continue="No">
            <conditionvar>
              <varequal respident="response1">text2qti_choice_f6f174ce1c22df898af4366fe3887cf353f907d1b435e9ed473ccbb0dfcef452</varequal>
            </conditionvar>
            <setvar action="Set" varname="SCORE">100</setvar>
          </respcondition>
        </resprocessing>
      </item>
      <item ident="text2qti_question_35bf453f5484d2a1c746711631d83a1ed208f3c82e93175f74d8c0f2c5c5907f" title="Question">
        <itemmetadata>
          <qtimetadata>
            <qtimetadatafield>
              <fieldlabel>question_type</fieldlabel>
              <fieldentry>true_false_question</fieldentry>
            </qtimetadatafield>
            <qtimetadatafield>
              <fieldlabel>points_possible</fieldlabel>
              <fieldentry>1</fieldentry>
            </qtimetadatafield>
            <qtimetadatafield>
              <fieldlabel>original_answer_ids</fieldlabel>
              <fieldentry>text2qti_choice_a6a009c77fa2db2da29a28855be2370782c9536656d217c62ec606098da4c330,text2qti_choice_6adb336c647c0c67a982f8420339433e7d87a31e39c5d95b07a38d3408af0c16</fieldentry>
            </qtimetadatafield>
            <qtimetadatafield>
              <fieldlabel>assessment_question_identifierref</fieldlabel>
              <fieldentry>text2qti_question_ref_35bf453f5484d2a1c746711631d83a1ed208f3c82e93175f74d8c0f2c5c5907f</fieldentry>
            </qtimetadatafield>
          </qtimetadata>
        </itemmetadata>
        <presentation>
          <material>
            <mattext texttype="text/html">&lt;p&gt;The exam can be taken from home if you have LockDown Browser installed.&lt;/p&gt;</mattext>
          </material>
          <response_lid ident="response1" rcardinality="Single">
            <render_choice>
              <response_label ident="text2qti_choice_a6a009c77fa2db2da29a28855be2370782c9536656d217c62ec606098da4c330">
                <material>
                  <mattext texttype="text/html">&lt;p&gt;True&lt;/p&gt;</mattext>
                </material>
              </response_label>
              <response_label ident="text2qti_choice_6adb336c647c0c67a982f8420339433e7d87a31e39c5d95b07a38d3408af0c16">
                <material>
                  <mattext texttype="text/html">&lt;p&gt;False&lt;/p&gt;</mattext>
                </material>
              </response_label>
            </render_choice>
          </response_lid>
        </presentation>
        <resprocessing>
          <outcomes>
            <decvar maxvalue="100" minvalue="0" varname="SCORE" vartype="Decimal"/>
          </outcomes>
          <respcondition continue="No">
            <conditionvar>
              <varequal respident="response1">text2qti_choice_6adb336c647c0c67a982f8420339433e7d87a31e39c5d95b07a38d3408af0c16</varequal>
            </conditionvar>
            <setvar action="Set" varname="SCORE">100</setvar>
          </respcondition>
        </resprocessing>
      </item>
      <item ident="text2qti_question_2015947b6220a6bb48813c2544286fa0f4b19436eb51de4d0e42e82e5c454719" title="Question">
        <itemmetadata>
          <qtimetadata>
            <qtimetadatafield>
              <fieldlabel>question_type</fieldlabel>
              <fieldentry>true_false_question</fieldentry>
            </qtimetadatafield>
            <qtimetadatafield>
              <fieldlabel>points_possible</fieldlabel>
              <fieldentry>1</fieldentry>
            </qtimetadatafield>
            <qtimetadatafield>
              <fieldlabel>original_answer_ids</fieldlabel>
              <fieldentry>text2qti_choice_c1855e7bf0478f979718fd36330c177e301b0f2b9ce5703455859d7b386050c9,text2qti_choice_d3d1b22cca2721b5b356fd9bcb8fb967484016eb5f49564f25b8d2202751fe38</fieldentry>
            </qtimetadatafield>
            <qtimetadatafield>
              <fieldlabel>assessment_question_identifierref</fieldlabel>
              <fieldentry>text2qti_question_ref_2015947b6220a6bb48813c2544286fa0f4b19436eb51de4d0e42e82e5c454719</fieldentry>
            </qtimetadatafield>
          </qtimetadata>
        </itemmetadata>
        <presentation>
          <material>
            <mattext texttype="text/html">&lt;p&gt;A materialized view stores its data physically in the database.&lt;/p&gt;</mattext>
          </material>
          <response_lid ident="response1" rcardinality="Single">
            <render_choice>
              <response_label ident="text2qti_choice_c1855e7bf0478f979718fd36330c177e301b0f2b9ce5703455859d7b386050c9">
                <material>
                  <mattext texttype="text/html">&lt;p&gt;True&lt;/p&gt;</mattext>
                </material>
              </response_label>
              <response_label ident="text2qti_choice_d3d1b22cca2721b5b356fd9bcb8fb967484016eb5f49564f25b8d2202751fe38">
                <material>
                  <mattext texttype="text/html">&lt;p&gt;False&lt;/p&gt;</mattext>
                </material>
              </response_label>
            </render_choice>
          </response_lid>
        </presentation>
        <resprocessing>
          <outcomes>
            <decvar maxvalue="100" minvalue="0" varname="SCORE" vartype="Decimal"/>
          </outcomes>
          <respcondition continue="No">
            <conditionvar>
              <varequal respident="response1">text2qti_choice_c1855e7bf0478f979718fd36330c177e301b0f2b9ce5703455859d7b386050c9</varequal>
            </conditionvar>
            <setvar action="Set" varname="SCORE">100</setvar>
          </respcondition>
        </resprocessing>
      </item>
    </section>
  </assessment>
</questestinterop>
