<?xml version="1.0" encoding="UTF-8"?>
<questestinterop xmlns="http://www.imsglobal.org/xsd/ims_qtiasiv1p2" xmlns:xsi="http://www.w3.org/2001/XMLSchema-instance" xsi:schemaLocation="http://www.imsglobal.org/xsd/ims_qtiasiv1p2 http://www.imsglobal.org/xsd/ims_qtiasiv1p2p1.xsd">
  <assessment ident="text2qti_assessment_8c2e55878d48dfcb0ede6854c06d09d4eb75121da8a2771625419504987a7cf8" title="Quiz">
    <qtimetadata>
      <qtimetadatafield>
        <fieldlabel>cc_maxattempts</fieldlabel>
        <fieldentry>1</fieldentry>
      </qtimetadatafield>
    </qtimetadata>
    <section ident="root_section">
      <item ident="text2qti_question_310d6393f788bd212cd7336b7bec5c8e697b0f46f4ec7dafc61b7a31c4f0cca8" title="Question">
        <itemmetadata>
          <qtimetadata>
            <qtimetadatafield>
              <fieldlabel>question_type</fieldlabel>
              <fieldentry>multiple_answers_question</fieldentry>
            </qtimetadatafield>
            <qtimetadatafield>
              <fieldlabel>points_possible</fieldlabel>
              <fieldentry>1</fieldentry>
            </qtimetadatafield>
            <qtimetadatafield>
              <fieldlabel>original_answer_ids</fieldlabel>
              <fieldentry>text2qti_choice_a1c728f584caf8482dee24c2200b21553eda2b1f6bd737dc3ae7a28ceef4d6f6,text2qti_choice_458cbc36f6aac2520797941506c09541fd7506f2d0adf5384c1eb11266289f38,text2qti_choice_5fabaf2122ffd6233bba54eb45c3133dd6188ffe5fe55c786b5347246d255ce3,text2qti_choice_09c185a7f23ffee970788b2d2f6a188dc80b4e7ea29bd9520dac1bc0a7ab1302,text2qti_choice_a25dcaabe78226cd7cbcec11aa923b01582490d446c92156edfe8b536b12911b</fieldentry>
            </qtimetadatafield>
            <qtimetadatafield>
              <fieldlabel>assessment_question_identifierref</fieldlabel>
              <fieldentry>text2qti_question_ref_310d6393f788bd212cd7336b7bec5c8e697b0f46f4ec7dafc61b7a31c4f0cca8</fieldentry>
            </qtimetadatafield>
          </qtimetadata>
        </itemmetadata>
        <presentation>
          <material>
            <mattext texttype="text/html">&lt;p&gt;Which of the following are fields found in the TCP header? (Select all that apply)&lt;/p&gt;</mattext>
          </material>
          <response_lid ident="response1" rcardinality="Multiple">
            <render_choice>
              <response_label ident="text2qti_choice_a1c728f584caf8482dee24c2200b21553eda2b1f6bd737dc3ae7a28ceef4d6f6">
                <material>
                  <mattext texttype="text/html">&lt;p&gt;Sequence number&lt;/p&gt;</mattext>
                </material>
              </response_label>
              <response_label ident="text2qti_choice_458cbc36f6aac2520797941506c09541fd7506f2d0adf5384c1eb11266289f38">
                <material>
                  <mattext texttype="text/html">&lt;p&gt;Acknowledgment number&lt;/p&gt;</mattext>
                </material>
              </response_label>
              <response_label ident="text2qti_choice_5fabaf2122ffd6233bba54eb45c3133dd6188ffe5fe55c786b5347246d255ce3">
                <material>
                  <mattext texttype="text/html">&lt;p&gt;Source port number&lt;/p&gt;</mattext>
                </material>
              </response_label>
              <response_label ident="text2qti_choice_09c185a7f23ffee970788b2d2f6a188dc80b4e7ea29bd9520dac1bc0a7ab1302">
                <material>
                  <mattext texttype="text/html">&lt;p&gt;Receive window&lt;/p&gt;</mattext>
                </material>
              </response_label>
              <response_label ident="text2qti_choice_a25dcaabe78226cd7cbcec11aa923b01582490d446c92156edfe8b536b12911b">
                <material>
                  <mattext texttype="text/html">&lt;p&gt;MAC address&lt;/p&gt;</mattext>
                </material>
              </response_label>
            </render_choice>
          </response_lid>
        </presentation>
        <resprocessing>
          <outcomes>
            <decvar maxvalue="100" minvalue="0" varname="SCORE" vartype="Decimal"/>
          </outcomes>
          <respcondition continue="No">
            <conditionvar>
              <and>
                <varequal respident="response1">text2qti_choice_a1c728f584caf8482dee24c2200b21553eda2b1f6bd737dc3ae7a28ceef4d6f6</varequal>
                <varequal respident="response1">text2qti_choice_458cbc36f6aac2520797941506c09541fd7506f2d0adf5384c1eb11266289f38</varequal>
                <varequal respident="response1">text2qti_choice_5fabaf2122ffd6233bba54eb45c3133dd6188ffe5fe55c786b5347246d255ce3</varequal>
                <varequal respident="response1">text2qti_choice_09c185a7f23ffee970788b2d2f6a188dc80b4e7ea29bd9520dac1bc0a7ab1302</varequal>
                <not>
                  <varequal respident="response1">text2qti_choice_a25dcaabe78226cd7cbcec11aa923b01582490d446c92156edfe8b536b12911b</varequal>
                </not>
              </and>
            </conditionvar>
            <setvar action="Set" varname="SCORE">100</setvar>
          </respcondition>
        </resprocessing>
      </item>
      <item ident="text2qti_question_bc7b8db31e8a3e345141fe8a23fe2e54473522d19e02d01ad464d09368082913" title="Question">
        <itemmetadata>
          <qtimetadata>
            <qtimetadatafield>
              <fieldlabel>question_type</fieldlabel>
              <fieldentry>multiple_answers_question</fieldentry>
            </qtimetadatafield>
            <qtimetadatafield>
              <fieldlabel>points_possible</fieldlabel>
              <fieldentry>1</fieldentry>
            </qtimetadatafield>
            <qtimetadatafield>
              <fieldlabel>original_answer_ids</fieldlabel>
              <fieldentry>text2qti_choice_5a8c8ccab3c255a07ec62c8c002bb6e092e889ceaf4752156a032a58e6f204de,text2qti_choice_a94dd040beef99b860bad0bd066ed71bae3a3c183d3a32b3d913a32f398c683b,text2qti_choice_833da896762b9c778d0e9a1c6988a22e77a56ec44e49cecad162ad1a127cfdc0,text2qti_choice_d604d66ad3cbdd42e4afd4e6ec19b6cf4fb50c0e71d99458e42d9bd10bfdfca1</fieldentry>
            </qtimetadatafield>
            <qtimetadatafield>
              <fieldlabel>assessment_question_identifierref</fieldlabel>
              <fieldentry>text2qti_question_ref_bc7b8db31e8a3e345141fe8a23fe2e54473522d19e02d01ad464d09368082913</fieldentry>
            </qtimetadatafield>
          </qtimetadata>
        </itemmetadata>
        <presentation>
          <material>
            <mattext texttype="text/html">&lt;p&gt;The three-way handshake for establishing a TCP connection involves which of the following steps? (Select all that apply)&lt;/p&gt;</mattext>
          </material>
          <response_lid ident="response1" rcardinality="Multiple">
            <render_choice>
              <response_label ident="text2qti_choice_5a8c8ccab3c255a07ec62c8c002bb6e092e889ceaf4752156a032a58e6f204de">
                <material>
                  <mattext texttype="text/html">&lt;p&gt;SYN&lt;/p&gt;</mattext>
                </material>
              </response_label>
              <response_label ident="text2qti_choice_a94dd040beef99b860bad0bd066ed71bae3a3c183d3a32b3d913a32f398c683b">
                <material>
                  <mattext texttype="text/html">&lt;p&gt;SYN-ACK&lt;/p&gt;</mattext>
                </material>
              </response_label>
              <response_label ident="text2qti_choice_833da896762b9c778d0e9a1c6988a22e77a56ec44e49cecad162ad1a127cfdc0">
                <material>
                  <mattext texttype="text/html">&lt;p&gt;ACK&lt;/p&gt;</mattext>
                </material>
              </response_label>
              <response_label ident="text2qti_choice_d604d66ad3cbdd42e4afd4e6ec19b6cf4fb50c0e71d99458e42d9bd10bfdfca1">
                <material>
                  <mattext texttype="text/html">&lt;p&gt;FIN&lt;/p&gt;</mattext>
                </material>
              </response_label>
            </render_choice>
          </response_lid>
        </presentation>
        <resprocessing>
          <outcomes>
            <decvar maxvalue="100" minvalue="0" varname="SCORE" vartype="Decimal"/>
          </outcomes>
          <respcondition continue="No">
            <conditionvar>
              <and>
                <varequal respident="response1">text2qti_choice_5a8c8ccab3c255a07ec62c8c002bb6e092e889ceaf4752156a032a58e6f204de</varequal>
                <varequal respident="response1">text2qti_choice_a94dd040beef99b860bad0bd066ed71bae3a3c183d3a32b3d913a32f398c683b</varequal>
                <varequal respident="response1">text2qti_choice_833da896762b9c778d0e9a1c6988a22e77a56ec44e49cecad162ad1a127cfdc0</varequal>
                <not>
                  <varequal respident="response1">text2qti_choice_d604d66ad3cbdd42e4afd4e6ec19b6cf4fb50c0e71d99458e42d9bd10bfdfca1</varequal>
                </not>
              </and>
            </conditionvar>
            <setvar action="Set" varname="SCORE">100</setvar>
          </respcondition>
        </resprocessing>
      </item>
      <item ident="text2qti_question_374f5bb360d8eebeb7404ff9606a813d2278f309c38e0f2498f8086cddf70c39" title="Question">
        <itemmetadata>
          <qtimetadata>
            <qtimetadatafield>
              <fieldlabel>question_type</fieldlabel>
              <fieldentry>true_false_question</fieldentry>
            </qtimetadatafield>
            <qtimetadatafield>
              <fieldlabel>points_possible</fieldlabel>
              <fieldentry>1</fieldentry>
            </qtimetadatafield>
            <qtimetadatafield>
              <fieldlabel>original_answer_ids</fieldlabel>
              <fieldentry>text2qti_choice_ca92fadff946daa31358c4061a15e56e7b251588f0fe1dd288892e7866ee1c0e,text2qti_choice_ed63e9b3266f13ed09ec26fd24d8c2b979ee0496f1a33dcc1819889629c7112c</fieldentry>
            </qtimetadatafield>
            <qtimetadatafield>
              <fieldlabel>assessment_question_identifierref</fieldlabel>
              <fieldentry>text2qti_question_ref_374f5bb360d8eebeb7404ff9606a813d2278f309c38e0f2498f8086cddf70c39</fieldentry>
            </qtimetadatafield>
          </qtimetadata>
        </itemmetadata>
        <presentation>
          <material>
            <mattext texttype="text/html">&lt;p&gt;The TCP flag field contains bits such as ACK, RST, SYN, FIN, PSH, and URG.&lt;/p&gt;</mattext>
          </material>
          <response_lid ident="response1" rcardinality="Single">
            <render_choice>
              <response_label ident="text2qti_choice_ca92fadff946daa31358c4061a15e56e7b251588f0fe1dd288892e7866ee1c0e">
                <material>
                  <mattext texttype="text/html">&lt;p&gt;True&lt;/p&gt;</mattext>
                </material>
              </response_label>
              <response_label ident="text2qti_choice_ed63e9b3266f13ed09ec26fd24d8c2b979ee0496f1a33dcc1819889629c7112c">
                <material>
                  <mattext texttype="text/html">&lt;p&gt;False&lt;/p&gt;</mattext>
                </material>
              </response_label>
            </render_choice>
          </response_lid>
        </presentation>
        <resprocessing>
          <outcomes>
            <decvar maxvalue="100" minvalue="0" varname="SCORE" vartype="Decimal"/>
          </outcomes>
          <respcondition continue="No">
            <conditionvar>
              <varequal respident="response1">text2qti_choice_ca92fadff946daa31358c4061a15e56e7b251588f0fe1dd288892e7866ee1c0e</varequal>
            </conditionvar>
            <setvar action="Set" varname="SCORE">100</setvar>
          </respcondition>
        </resprocessing>
      </item>
      <item ident="text2qti_question_fd1db5b7d67770518e3efd726891abb60183bb1bc9e18835f4a7d65351c8634a" title="Question">
        <itemmetadata>
          <qtimetadata>
            <qtimetadatafield>
              <fieldlabel>question_type</fieldlabel>
              <fieldentry>true_false_question</fieldentry>
            </qtimetadatafield>
            <qtimetadatafield>
              <fieldlabel>points_possible</fieldlabel>
              <fieldentry>1</fieldentry>
            </qtimetadatafield>
            <qtimetadatafield>
              <fieldlabel>original_answer_ids</fieldlabel>
              <fieldentry>text2qti_choice_7c6f28ea0f4dbb5756b2f8790f4fcd053ad6fd2611df07207067b0bbf9f38bd6,text2qti_choice_5793c0b7d212ce3f34a1ea8d79c45f6c0947734231d65ee72b6784c64eb6c60e</fieldentry>
            </qtimetadatafield>
            <qtimetadatafield>
              <fieldlabel>assessment_question_identifierref</fieldlabel>
              <fieldentry>text2qti_question_ref_fd1db5b7d67770518e3efd726891abb60183bb1bc9e18835f4a7d65351c8634a</fieldentry>
            </qtimetadatafield>
          </qtimetadata>
        </itemmetadata>
        <presentation>
          <material>
            <mattext texttype="text/html">&lt;p&gt;In TCP congestion control, AIMD stands for Additive-Increase, Multiplicative-Decrease.&lt;/p&gt;</mattext>
          </material>
          <response_lid ident="response1" rcardinality="Single">
            <render_choice>
              <response_label ident="text2qti_choice_7c6f28ea0f4dbb5756b2f8790f4fcd053ad6fd2611df07207067b0bbf9f38bd6">
                <material>
                  <mattext texttype="text/html">&lt;p&gt;True&lt;/p&gt;</mattext>
                </material>
              </response_label>
              <response_label ident="text2qti_choice_5793c0b7d212ce3f34a1ea8d79c45f6c0947734231d65ee72b6784c64eb6c60e">
                <material>
                  <mattext texttype="text/html">&lt;p&gt;False&lt;/p&gt;</mattext>
                </material>
              </response_label>
            </render_choice>
          </response_lid>
        </presentation>
        <resprocessing>
          <outcomes>
            <decvar maxvalue="100" minvalue="0" varname="SCORE" vartype="Decimal"/>
          </outcomes>
          <respcondition continue="No">
            <conditionvar>
              <varequal respident="response1">text2qti_choice_7c6f28ea0f4dbb5756b2f8790f4fcd053ad6fd2611df07207067b0bbf9f38bd6</varequal>
            </conditionvar>
            <setvar action="Set" varname="SCORE">100</setvar>
          </respcondition>
        </resprocessing>
      </item>
      <item ident="text2qti_question_3805228f53948e357e95dbf69dc7c96c9e9839e7a01232cb4509e854c39459bd" title="Question">
        <itemmetadata>
          <qtimetadata>
            <qtimetadatafield>
              <fieldlabel>question_type</fieldlabel>
              <fieldentry>true_false_question</fieldentry>
            </qtimetadatafield>
            <qtimetadatafield>
              <fieldlabel>points_possible</fieldlabel>
              <fieldentry>1</fieldentry>
            </qtimetadatafield>
            <qtimetadatafield>
              <fieldlabel>original_answer_ids</fieldlabel>
              <fieldentry>text2qti_choice_44ac0e3a93f1af31fffbbda6273676536f7435a7db946ebc3cc4c224014e1d50,text2qti_choice_49b1316c30e607909b14700c72ee7e455be4d5fecc6d929b96a3b954dfab6973</fieldentry>
            </qtimetadatafield>
            <qtimetadatafield>
              <fieldlabel>assessment_question_identifierref</fieldlabel>
              <fieldentry>text2qti_question_ref_3805228f53948e357e95dbf69dc7c96c9e9839e7a01232cb4509e854c39459bd</fieldentry>
            </qtimetadatafield>
          </qtimetadata>
        </itemmetadata>
        <presentation>
          <material>
            <mattext texttype="text/html">&lt;p&gt;In a NAK-only reliable data transfer protocol, feedback is only sent when a packet is lost or missing.&lt;/p&gt;</mattext>
          </material>
          <response_lid ident="response1" rcardinality="Single">
            <render_choice>
              <response_label ident="text2qti_choice_44ac0e3a93f1af31fffbbda6273676536f7435a7db946ebc3cc4c224014e1d50">
                <material>
                  <mattext texttype="text/html">&lt;p&gt;True&lt;/p&gt;</mattext>
                </material>
              </response_label>
              <response_label ident="text2qti_choice_49b1316c30e607909b14700c72ee7e455be4d5fecc6d929b96a3b954dfab6973">
                <material>
                  <mattext texttype="text/html">&lt;p&gt;False&lt;/p&gt;</mattext>
                </material>
              </response_label>
            </render_choice>
          </response_lid>
        </presentation>
        <resprocessing>
          <outcomes>
            <decvar maxvalue="100" minvalue="0" varname="SCORE" vartype="Decimal"/>
          </outcomes>
          <respcondition continue="No">
            <conditionvar>
              <varequal respident="response1">text2qti_choice_44ac0e3a93f1af31fffbbda6273676536f7435a7db946ebc3cc4c224014e1d50</varequal>
            </conditionvar>
            <setvar action="Set" varname="SCORE">100</setvar>
          </respcondition>
        </resprocessing>
      </item>
      <item ident="text2qti_question_4293f5342c96e7ac815a7b427119d4f342b832a614f2e8f9765b0ee319600d4a" title="Question">
        <itemmetadata>
          <qtimetadata>
            <qtimetadatafield>
              <fieldlabel>question_type</fieldlabel>
              <fieldentry>multiple_answers_question</fieldentry>
            </qtimetadatafield>
            <qtimetadatafield>
              <fieldlabel>points_possible</fieldlabel>
              <fieldentry>1</fieldentry>
            </qtimetadatafield>
            <qtimetadatafield>
              <fieldlabel>original_answer_ids</fieldlabel>
              <fieldentry>text2qti_choice_8de9df21acf8fb90c1043942d4bf39ad3db95c71fa5b315730cd543630944247,text2qti_choice_653d14e88ff9cc469d2a11a17c4fb6febe1181537fd17829b67e7612b548504a,text2qti_choice_414ef1cd633b4ee1b73515b61934355f8b61d4469b5f39cce4fe265f5cd5feff,text2qti_choice_6b7afdb0aa4109b88b8bd3ec6db7568d7c2abaeb73a0d45f7c3c9c6c15c3d08c</fieldentry>
            </qtimetadatafield>
            <qtimetadatafield>
              <fieldlabel>assessment_question_identifierref</fieldlabel>
              <fieldentry>text2qti_question_ref_4293f5342c96e7ac815a7b427119d4f342b832a614f2e8f9765b0ee319600d4a</fieldentry>
            </qtimetadatafield>
          </qtimetadata>
        </itemmetadata>
        <presentation>
          <material>
            <mattext texttype="text/html">&lt;p&gt;Which of the following are key functions of a router at the network layer? (Select all that apply)&lt;/p&gt;</mattext>
          </material>
          <response_lid ident="response1" rcardinality="Multiple">
            <render_choice>
              <response_label ident="text2qti_choice_8de9df21acf8fb90c1043942d4bf39ad3db95c71fa5b315730cd543630944247">
                <material>
                  <mattext texttype="text/html">&lt;p&gt;Packet forwarding&lt;/p&gt;</mattext>
                </material>
              </response_label>
              <response_label ident="text2qti_choice_653d14e88ff9cc469d2a11a17c4fb6febe1181537fd17829b67e7612b548504a">
                <material>
                  <mattext texttype="text/html">&lt;p&gt;Routing&lt;/p&gt;</mattext>
                </material>
              </response_label>
              <response_label ident="text2qti_choice_414ef1cd633b4ee1b73515b61934355f8b61d4469b5f39cce4fe265f5cd5feff">
                <material>
                  <mattext texttype="text/html">&lt;p&gt;Encryption&lt;/p&gt;</mattext>
                </material>
              </response_label>
              <response_label ident="text2qti_choice_6b7afdb0aa4109b88b8bd3ec6db7568d7c2abaeb73a0d45f7c3c9c6c15c3d08c">
                <material>
                  <mattext texttype="text/html">&lt;p&gt;Application-layer data parsing&lt;/p&gt;</mattext>
                </material>
              </response_label>
            </render_choice>
          </response_lid>
        </presentation>
        <resprocessing>
          <outcomes>
            <decvar maxvalue="100" minvalue="0" varname="SCORE" vartype="Decimal"/>
          </outcomes>
          <respcondition continue="No">
            <conditionvar>
              <and>
                <varequal respident="response1">text2qti_choice_8de9df21acf8fb90c1043942d4bf39ad3db95c71fa5b315730cd543630944247</varequal>
                <varequal respident="response1">text2qti_choice_653d14e88ff9cc469d2a11a17c4fb6febe1181537fd17829b67e7612b548504a</varequal>
                <not>
                  <varequal respident="response1">text2qti_choice_414ef1cd633b4ee1b73515b61934355f8b61d4469b5f39cce4fe265f5cd5feff</varequal>
                </not>
                <not>
                  <varequal respident="response1">text2qti_choice_6b7afdb0aa4109b88b8bd3ec6db7568d7c2abaeb73a0d45f7c3c9c6c15c3d08c</varequal>
                </not>
              </and>
            </conditionvar>
            <setvar action="Set" varname="SCORE">100</setvar>
          </respcondition>
        </resprocessing>
      </item>
      <item ident="text2qti_question_9ae15024106584119356408d9a745a24ccd159e2346933c329a3dab34979326c" title="Question">
        <itemmetadata>
          <qtimetadata>
            <qtimetadatafield>
              <fieldlabel>question_type</fieldlabel>
              <fieldentry>true_false_question</fieldentry>
            </qtimetadatafield>
            <qtimetadatafield>
              <fieldlabel>points_possible</fieldlabel>
              <fieldentry>1</fieldentry>
            </qtimetadatafield>
            <qtimetadatafield>
              <fieldlabel>original_answer_ids</fieldlabel>
              <fieldentry>text2qti_choice_3e412d5d980e045f2096693e2f0233b6e002e42252abb438df9c6b93962a8fa6,text2qti_choice_d43de0504d94b49b5e57437ffea9d530e598e3f48d3a4cb704891731d64ee0cf</fieldentry>
            </qtimetadatafield>
            <qtimetadatafield>
              <fieldlabel>assessment_question_identifierref</fieldlabel>
              <fieldentry>text2qti_question_ref_9ae15024106584119356408d9a745a24ccd159e2346933c329a3dab34979326c</fieldentry>
            </qtimetadatafield>
          </qtimetadata>
        </itemmetadata>
        <presentation>
          <material>
            <mattext texttype="text/html">&lt;p&gt;In a typical home network with a single public IP address, external hosts cannot directly initiate communication with internal devices unless NAT entries are manually configured.&lt;/p&gt;</mattext>
          </material>
          <response_lid ident="response1" rcardinality="Single">
            <render_choice>
              <response_label ident="text2qti_choice_3e412d5d980e045f2096693e2f0233b6e002e42252abb438df9c6b93962a8fa6">
                <material>
                  <mattext texttype="text/html">&lt;p&gt;True&lt;/p&gt;</mattext>
                </material>
              </response_label>
              <response_label ident="text2qti_choice_d43de0504d94b49b5e57437ffea9d530e598e3f48d3a4cb704891731d64ee0cf">
                <material>
                  <mattext texttype="text/html">&lt;p&gt;False&lt;/p&gt;</mattext>
                </material>
              </response_label>
            </render_choice>
          </response_lid>
        </presentation>
        <resprocessing>
          <outcomes>
            <decvar maxvalue="100" minvalue="0" varname="SCORE" vartype="Decimal"/>
          </outcomes>
          <respcondition continue="No">
            <conditionvar>
              <varequal respident="response1">text2qti_choice_3e412d5d980e045f2096693e2f0233b6e002e42252abb438df9c6b93962a8fa6</varequal>
            </conditionvar>
            <setvar action="Set" varname="SCORE">100</setvar>
          </respcondition>
        </resprocessing>
      </item>
    </section>
  </assessment>
</questestinterop>
